-- Koshelyok SQL Dump
-- version 0.0.2
-- https://gitlab.com/bayarookie/koshelyok
--
-- Хост: localhost
-- Время создания: May 29 2020, 06:44
-- Версия сервера: 5.5.5-10.4.12-MariaDB
-- Версия PHP: 7.4.5

--
-- База данных: `koshelyok`
--

-- --------------------------------------------------------

--
-- Структура таблицы `bgrup`
--

CREATE TABLE `bgrup` (
  `id` tinyint(4) NOT NULL AUTO_INCREMENT,
  `name` varchar(64) NOT NULL,
  `comment` tinyblob DEFAULT NULL,
  PRIMARY KEY (`id`)
) ENGINE=InnoDB AUTO_INCREMENT=6 DEFAULT CHARSET=utf8;

--
-- Дамп данных таблицы `bgrup`
--

INSERT INTO `bgrup` (`id`, `name`, `comment`) VALUES
(1, 'Дом', ''),
(2, 'Еда', ''),
(3, 'Коммуналка', ''),
(4, 'Ширпотреб', ''),
(5, 'Доходы', '');

-- --------------------------------------------------------

--
-- Структура таблицы `grups`
--

CREATE TABLE `grups` (
  `id` tinyint(4) NOT NULL AUTO_INCREMENT,
  `name` varchar(64) NOT NULL,
  `comment` tinyblob DEFAULT NULL,
  `bgrup_id` tinyint(4) NOT NULL,
  PRIMARY KEY (`id`),
  UNIQUE KEY `id` (`id`)
) ENGINE=InnoDB AUTO_INCREMENT=18 DEFAULT CHARSET=utf8;

--
-- Дамп данных таблицы `grups`
--

INSERT INTO `grups` (`id`, `name`, `comment`, `bgrup_id`) VALUES
(1, 'Еда', 'жратва', 2),
(2, 'Доходы', '', 5),
(3, 'Дом', 'движение внутри дома', 1),
(4, 'Ширпотреб', 'всё остальное', 4),
(5, 'Лекарства', '', 4),
(6, 'Внутри', 'Перемещения со счёта на счёт', 1),
(7, 'Техника', '', 4),
(8, 'Одежда', '', 4),
(9, 'Электроэнергия', '', 3),
(10, 'Жильё', '', 3),
(11, 'Горячая вода', '', 3),
(12, 'Телефон', '', 3),
(13, 'Капремонт', '', 3),
(14, 'Вода', '', 3),
(15, 'Интернет', '', 3),
(16, 'Домофон', '', 3),
(17, 'Коммуналка', 'все коммунальные платежи', 3);

-- --------------------------------------------------------

--
-- Структура для представления `grups_v`
--

CREATE ALGORITHM=UNDEFINED DEFINER=`root`@`localhost` SQL SECURITY DEFINER VIEW `grups_v` AS select `grups`.`id` AS `id`,`grups`.`name` AS `name`,`grups`.`comment` AS `comment`,`bgrup`.`name` AS `bgrup_name` from (`grups` left join `bgrup` on(`grups`.`bgrup_id` = `bgrup`.`id`)) order by `bgrup`.`name`,`grups`.`name`;

-- --------------------------------------------------------

--
-- Структура таблицы `money`
--

CREATE TABLE `money` (
  `id` mediumint(9) NOT NULL AUTO_INCREMENT,
  `op_date` date NOT NULL,
  `op_summ` decimal(12,2) NOT NULL,
  `servs_id` mediumint(9) NOT NULL,
  `walls_id` tinyint(4) NOT NULL,
  `comment` tinyblob DEFAULT NULL,
  PRIMARY KEY (`id`),
  UNIQUE KEY `id` (`id`),
  KEY `walls_id` (`walls_id`),
  KEY `op_date` (`op_date`)
) ENGINE=InnoDB AUTO_INCREMENT=1836 DEFAULT CHARSET=utf8;

--
-- Дамп данных таблицы `money`
--

INSERT INTO `money` (`id`, `op_date`, `op_summ`, `servs_id`, `walls_id`, `comment`) VALUES
(1, '2015-11-25', '100.00', 1, 1, 'Стартовый капитал'),
(3, '2015-11-26', '2.70', 1, 1, 'Нашёл на полу'),
(4, '2015-12-17', '1920.51', 5, 4, '403.00+860.38+657.13'),
(5, '2015-12-17', '-0.01', 4, 4, 'пенсионный фонд'),
(6, '2015-12-22', '9830.35', 5, 1, 'моя'),
(7, '2015-12-22', '12666.01', 5, 4, 'матери'),
(8, '2015-12-22', '0.04', 4, 4, 'пенсионный фонд'),
(9, '2015-12-22', '-5200.00', 2, 4, 'кредит за холодильник'),
(10, '2015-12-22', '-45.00', 9, 1, ''),
(11, '2015-12-22', '-781.29', 6, 1, ''),
(12, '2015-12-22', '-2100.46', 46, 1, ''),
(13, '2015-12-22', '-283.00', 82, 1, ''),
(14, '2015-12-23', '-1752.31', 3, 1, ''),
(15, '2015-12-23', '-146.70', 1, 4, 'Таня'),
(16, '2015-12-31', '-500.00', 3, 1, ''),
(17, '2016-01-05', '-167.54', 1, 4, 'тётя Лида'),
(18, '2016-01-06', '-500.00', 3, 1, ''),
(19, '2016-01-08', '-45.00', 9, 1, ''),
(20, '2016-01-08', '-780.87', 6, 1, ''),
(21, '2016-01-08', '-134.24', 46, 1, 'горячая вода'),
(22, '2016-01-08', '-1919.00', 46, 1, 'отопление'),
(23, '2016-01-08', '-149.01', 46, 1, 'одн'),
(24, '2016-01-08', '-283.00', 82, 1, ''),
(25, '2016-01-08', '-300.00', 10, 1, 'тф'),
(26, '2016-01-08', '-499.00', 20, 1, ''),
(27, '2016-01-09', '-1146.10', 81, 1, ''),
(28, '2016-01-09', '-33.26', 81, 1, ''),
(29, '2016-01-11', '-500.00', 3, 1, 'Таня'),
(30, '2016-01-11', '-500.00', 4, 1, ''),
(31, '2016-01-12', '-1000.00', 3, 1, 'тётя Лида'),
(32, '2016-01-13', '-100.00', 1, 4, 'Милена на проезд'),
(33, '2016-01-17', '-100.00', 1, 4, 'Даниил на проезд'),
(34, '2016-01-20', '-10.92', 4, 1, ''),
(35, '2016-01-20', '-1000.00', 3, 1, 'Таня'),
(36, '2016-01-22', '9830.35', 5, 1, 'моя'),
(37, '2016-01-22', '12666.01', 5, 4, 'матери'),
(38, '2016-01-22', '-5000.00', 2, 4, 'кредит за холодильник'),
(39, '2016-01-22', '-30.00', 2, 1, 'Календарь'),
(40, '2016-01-23', '-3000.00', 1, 4, 'Милена'),
(41, '2016-01-26', '-500.00', 2, 1, 'ведро'),
(42, '2016-01-26', '-100.00', 9, 1, 'телефон моб'),
(43, '2016-01-29', '-5500.00', 9, 1, ''),
(44, '2016-01-29', '-1000.00', 3, 1, 'Таня'),
(45, '2016-02-07', '-1000.00', 3, 1, 'Таня'),
(46, '2016-01-22', '2196.04', 5, 4, ''),
(47, '2016-02-22', '10974.62', 5, 1, 'моя'),
(48, '2016-02-22', '14510.01', 5, 4, 'матери'),
(49, '2016-02-22', '-3000.00', 1, 4, 'Ешеевы'),
(50, '2016-02-22', '-2500.00', 9, 1, ''),
(51, '2016-02-22', '-1000.00', 3, 1, 'Таня'),
(52, '2016-03-02', '-1000.00', 3, 1, 'Таня'),
(53, '2016-03-13', '-1000.00', 3, 1, 'Таня'),
(54, '2016-03-19', '-1000.00', 3, 1, 'Таня'),
(55, '2016-03-22', '10813.14', 5, 1, 'моя 10263.08 + 550.06'),
(56, '2016-03-22', '14486.69', 5, 4, 'матери'),
(57, '2016-03-07', '-1000.00', 3, 1, 'Таня'),
(58, '2016-03-22', '0.17', 4, 4, 'пф'),
(59, '2016-03-22', '14.97', 4, 4, ''),
(60, '2016-03-25', '-10.00', 1, 4, 'Даниил на проезд'),
(61, '2016-03-26', '-4000.00', 9, 1, ''),
(62, '2016-04-01', '-206.00', 3, 1, ''),
(63, '2016-04-03', '-1000.00', 3, 1, 'Таня'),
(64, '2016-04-04', '-5000.00', 1, 4, 'Давид куртка'),
(65, '2016-04-04', '-1000.00', 3, 1, 'Таня'),
(66, '2016-04-08', '-1000.00', 3, 1, 'Таня'),
(67, '2016-04-10', '-1000.00', 3, 1, 'Таня'),
(68, '2016-04-11', '-1000.00', 1, 4, 'Милена'),
(69, '2016-04-13', '-147.00', 3, 1, ''),
(70, '2016-04-15', '-148.10', 3, 1, ''),
(71, '2016-04-15', '-12.10', 13, 1, ''),
(72, '2016-04-09', '-1000.00', 3, 1, 'Таня'),
(73, '2016-04-19', '-388.90', 15, 1, ''),
(74, '2016-04-20', '-2740.00', 11, 1, 'Лампа, колонки, шнур'),
(75, '2016-04-21', '-5000.00', 2, 1, 'ремонт балкона'),
(76, '2016-04-21', '-240.90', 15, 1, ''),
(77, '2016-04-22', '11028.28', 5, 1, 'моя'),
(78, '2016-04-22', '14605.12', 5, 4, 'матери'),
(79, '2016-04-22', '-132.00', 14, 1, 'слабилен'),
(80, '2016-04-22', '-37.00', 3, 1, ''),
(81, '2016-04-22', '-1100.00', 41, 1, 'сковородка'),
(82, '2016-04-10', '-5000.00', 1, 4, 'на сиделку'),
(83, '2016-04-24', '-200.00', 1, 4, 'Даниил и Давид'),
(84, '2016-04-25', '-5000.00', 2, 1, 'ремонт балкона'),
(85, '2016-04-26', '-5000.00', 18, 1, ''),
(86, '2016-04-26', '-325.70', 15, 1, ''),
(87, '2016-04-27', '-67.00', 3, 1, 'молоко'),
(88, '2016-04-27', '-1000.00', 3, 1, 'тётя Лида'),
(89, '2016-04-29', '-2379.00', 9, 1, ''),
(90, '2016-04-29', '-183.30', 17, 1, ''),
(91, '2016-04-30', '-4250.00', 11, 1, 'микроволновка'),
(92, '2016-05-03', '-369.60', 15, 1, ''),
(93, '2016-05-06', '-1500.00', 2, 1, 'замена замка'),
(94, '2016-05-07', '-100.00', 1, 4, 'Даниил и Давид'),
(95, '2016-05-08', '-196.00', 15, 1, ''),
(96, '2016-05-11', '-2000.00', 3, 4, 'Таня, в больницу'),
(97, '2016-05-13', '-3000.00', 2, 1, '2700-счётчик 300-фильтр'),
(98, '2016-05-14', '-374.00', 15, 1, ''),
(99, '2016-05-18', '-318.30', 15, 1, ''),
(100, '2016-05-21', '10820.47', 5, 1, 'моя'),
(101, '2016-05-21', '14544.93', 5, 4, 'матери'),
(102, '2016-05-21', '-110.00', 14, 1, 'витамины'),
(103, '2016-05-21', '-472.70', 17, 1, ''),
(104, '2016-05-22', '-163.50', 15, 1, ''),
(105, '2016-05-23', '-391.50', 14, 1, ''),
(106, '2016-05-24', '-3000.00', 3, 1, 'Таня'),
(107, '2016-05-25', '-142.00', 14, 1, 'слабилен'),
(108, '2016-05-25', '-352.50', 17, 1, ''),
(109, '2016-05-26', '-148.70', 23, 1, ''),
(110, '2016-05-27', '-500.00', 2, 4, ''),
(111, '2016-05-29', '-219.20', 15, 1, ''),
(112, '2016-05-30', '-290.80', 15, 1, ''),
(113, '2016-06-01', '-1080.00', 9, 1, ''),
(114, '2016-06-01', '-343.30', 17, 1, ''),
(115, '2016-06-02', '-699.00', 2, 1, 'акк тф'),
(116, '2016-06-02', '-2900.00', 63, 1, 'обувь магазин на Гагарина где-то'),
(117, '2016-06-02', '-149.80', 4, 1, ''),
(118, '2016-06-03', '-5000.00', 18, 1, ''),
(119, '2016-06-03', '-207.50', 15, 1, 'Либерти'),
(120, '2016-06-04', '-500.00', 3, 1, 'Таня'),
(121, '2016-06-06', '-356.10', 15, 1, 'Либерти'),
(122, '2016-06-08', '-430.70', 15, 1, 'Либерти'),
(123, '2016-06-11', '-20.00', 1, 4, 'Даниил на проезд'),
(124, '2016-06-11', '-323.00', 15, 1, 'Либерти'),
(125, '2016-06-12', '-20000.00', 32, 1, ''),
(126, '2016-06-12', '-227.50', 17, 1, 'Николаевский'),
(127, '2016-06-22', '10801.32', 5, 1, 'моя'),
(128, '2016-06-22', '14540.64', 5, 4, 'матери'),
(129, '2016-06-22', '0.04', 4, 4, 'пф'),
(130, '2016-06-23', '-500.00', 1, 4, 'Доминика'),
(131, '2016-06-25', '-10000.00', 1, 4, 'тётя Лида'),
(132, '2016-07-02', '-11000.00', 32, 1, ''),
(133, '2016-07-04', '-369.00', 81, 1, ''),
(134, '2016-07-06', '-300.00', 3, 4, 'тётя Лида'),
(135, '2016-07-10', '-400.00', 1, 4, ''),
(136, '2016-07-14', '-59.00', 35, 1, 'термометр'),
(137, '2016-07-20', '-150.00', 41, 1, 'стиральный порошок'),
(138, '2016-07-22', '10781.78', 5, 1, 'моя'),
(139, '2016-07-22', '14474.57', 5, 4, 'матери'),
(140, '2016-07-22', '0.05', 4, 4, ''),
(141, '2016-07-22', '-10000.00', 32, 1, ''),
(142, '2016-07-25', '-30.00', 7, 1, 'трамвай'),
(143, '2016-07-25', '-5000.00', 18, 1, ''),
(144, '2016-07-26', '-30.00', 7, 1, 'трамвай'),
(145, '2016-07-26', '-1500.00', 3, 4, 'тётя Лида'),
(146, '2016-07-28', '-500.00', 63, 1, 'носки футболка'),
(147, '2016-07-28', '-60.00', 7, 1, 'трамвай'),
(148, '2016-08-02', '-15.00', 7, 1, 'трамвай'),
(149, '2016-08-03', '-1000.00', 3, 4, ''),
(150, '2016-08-10', '-20.00', 1, 4, 'Даниил на проезд'),
(151, '2016-08-17', '-260.50', 3, 1, 'мёд'),
(152, '2016-08-19', '-2000.00', 1, 4, ''),
(153, '2016-08-22', '10797.70', 5, 1, 'моя'),
(154, '2016-08-22', '14561.53', 5, 4, 'матери'),
(155, '2016-08-22', '-50.00', 2, 4, 'конверты'),
(156, '2016-08-22', '-0.03', 4, 4, ''),
(157, '2016-08-22', '18.60', 4, 4, ''),
(158, '2016-08-22', '-30.00', 7, 1, 'трамвай'),
(159, '2016-08-23', '-20000.00', 18, 1, ''),
(160, '2016-08-31', '-600.00', 3, 4, 'тётя Лида'),
(161, '2016-08-26', '100.00', 1, 1, 'Давид'),
(162, '2016-09-15', '-28.00', 13, 1, 'крючок'),
(163, '2016-09-16', '-20.00', 9, 1, 'книжка'),
(164, '2016-09-16', '-500.00', 2, 4, ''),
(165, '2016-09-18', '-2000.00', 1, 4, 'Даниил на др'),
(166, '2016-09-20', '-5000.00', 1, 4, 'Милена на кейс'),
(167, '2016-09-21', '-100.00', 2, 4, ''),
(168, '2016-09-22', '13173.06', 5, 4, 'матери'),
(169, '2016-09-22', '1014.48', 5, 4, 'матери'),
(170, '2016-09-22', '555.37', 5, 1, 'моя'),
(171, '2016-09-22', '403.00', 5, 4, 'матери'),
(172, '2016-09-22', '0.09', 4, 4, ''),
(173, '2016-09-25', '-59.00', 13, 1, 'хомуты'),
(174, '2016-09-23', '-10000.00', 32, 1, ''),
(175, '2016-06-22', '-378.80', 15, 2, ''),
(176, '2016-06-23', '-337.20', 17, 2, ''),
(177, '2016-06-25', '-50.00', 93, 2, ''),
(178, '2016-06-25', '-357.36', 17, 2, ''),
(179, '2016-06-25', '-500.00', 20, 2, ''),
(180, '2016-06-26', '-159.50', 15, 2, ''),
(181, '2016-06-27', '-20.44', 19, 2, ''),
(182, '2016-06-27', '-780.38', 88, 2, ''),
(183, '2016-06-28', '-350.45', 17, 2, ''),
(184, '2016-06-30', '-176.43', 19, 2, ''),
(185, '2016-06-30', '-1629.35', 91, 2, ''),
(186, '2016-06-30', '-201.50', 15, 2, ''),
(187, '2016-07-01', '-525.34', 22, 2, ''),
(188, '2016-07-02', '11000.00', 32, 2, ''),
(189, '2016-07-02', '-202.85', 17, 2, ''),
(190, '2016-07-04', '-100.00', 28, 2, ''),
(191, '2016-07-04', '-404.70', 17, 2, ''),
(192, '2016-07-05', '-163.80', 15, 2, ''),
(193, '2016-07-09', '-291.64', 15, 2, ''),
(194, '2016-07-09', '-339.18', 17, 2, ''),
(195, '2016-07-11', '-146.40', 22, 2, ''),
(196, '2016-07-12', '-1990.00', 33, 2, 'тапочки'),
(197, '2016-07-13', '-229.84', 15, 2, ''),
(198, '2016-07-13', '-459.45', 17, 2, ''),
(199, '2016-07-15', '-252.40', 22, 2, ''),
(200, '2016-07-16', '-387.15', 15, 2, ''),
(201, '2016-07-18', '-409.50', 17, 2, ''),
(202, '2016-07-18', '-111.30', 30, 2, ''),
(203, '2016-07-19', '-204.87', 23, 2, ''),
(204, '2016-07-20', '-314.10', 22, 2, ''),
(205, '2016-07-21', '-325.30', 15, 2, ''),
(206, '2016-07-22', '10000.00', 32, 2, ''),
(207, '2016-07-22', '-402.90', 17, 2, ''),
(208, '2016-07-24', '-780.38', 88, 2, ''),
(209, '2016-07-24', '-130.73', 19, 2, ''),
(210, '2016-07-24', '-1790.43', 91, 2, ''),
(211, '2016-07-24', '-500.00', 20, 2, ''),
(212, '2016-07-25', '5000.00', 18, 2, ''),
(213, '2016-07-25', '-26.50', 16, 2, ''),
(214, '2016-07-24', '-281.26', 15, 2, ''),
(215, '2016-07-24', '-300.00', 92, 2, 'тф'),
(216, '2016-07-24', '-105.00', 19, 2, ''),
(217, '2016-07-26', '-197.00', 35, 2, ''),
(218, '2016-07-26', '-121.36', 23, 2, ''),
(219, '2016-07-26', '-990.00', 36, 2, 'кошелёк'),
(220, '2016-07-27', '-191.83', 29, 2, ''),
(221, '2016-07-28', '-499.00', 37, 2, 'наушники'),
(222, '2016-07-28', '-199.60', 22, 2, ''),
(223, '2016-07-30', '-48.31', 19, 2, ''),
(224, '2016-07-30', '-296.88', 17, 2, ''),
(225, '2016-07-31', '-216.10', 15, 2, ''),
(226, '2016-08-02', '-189.40', 15, 2, ''),
(227, '2016-08-02', '-294.56', 22, 2, ''),
(228, '2016-08-03', '-450.00', 19, 2, ''),
(229, '2016-08-02', '-152.00', 38, 2, 'шипы на костыль'),
(230, '2016-08-04', '-100.00', 21, 2, ''),
(231, '2016-08-05', '-291.41', 17, 2, ''),
(232, '2016-08-06', '-36.00', 39, 2, 'носки'),
(233, '2016-08-06', '-60.50', 16, 2, ''),
(234, '2016-08-07', '-330.66', 15, 2, ''),
(235, '2016-08-07', '-100.00', 28, 2, ''),
(236, '2016-08-08', '-332.30', 22, 2, ''),
(237, '2016-08-09', '-225.00', 40, 2, 'трусы'),
(238, '2016-08-09', '-136.00', 41, 2, ''),
(239, '2016-08-11', '-253.30', 15, 2, ''),
(240, '2016-08-11', '-30.00', 16, 2, ''),
(241, '2016-08-12', '-131.50', 15, 2, ''),
(242, '2016-08-13', '-270.00', 39, 2, 'трусы'),
(243, '2016-08-13', '-673.84', 35, 2, ''),
(244, '2016-08-13', '-65.50', 25, 2, ''),
(245, '2016-08-14', '-553.28', 17, 2, ''),
(246, '2016-08-15', '-341.23', 23, 2, ''),
(247, '2016-08-17', '-73.50', 16, 2, ''),
(248, '2016-08-16', '-506.94', 22, 2, ''),
(249, '2016-08-18', '-190.92', 17, 2, ''),
(250, '2016-08-19', '-524.67', 17, 2, ''),
(251, '2016-08-20', '-149.15', 15, 2, ''),
(252, '2016-08-21', '-82.50', 16, 2, ''),
(253, '2016-08-22', '-64.50', 17, 2, ''),
(254, '2016-08-23', '20000.00', 18, 2, ''),
(255, '2016-08-23', '-246.84', 15, 2, ''),
(256, '2016-08-24', '-300.00', 92, 2, 'тф'),
(257, '2016-08-24', '-192.37', 19, 2, ''),
(258, '2016-08-24', '-1811.49', 91, 2, ''),
(259, '2016-08-24', '-50.00', 93, 2, ''),
(260, '2016-08-24', '-780.38', 88, 2, ''),
(261, '2016-08-24', '-898.13', 19, 2, ''),
(262, '2016-08-24', '-500.00', 20, 2, ''),
(263, '2016-08-25', '-100.00', 21, 2, ''),
(264, '2016-08-25', '-129.50', 17, 2, ''),
(265, '2016-08-26', '-362.73', 22, 2, ''),
(266, '2016-08-27', '-459.52', 17, 2, ''),
(267, '2016-08-28', '-309.26', 22, 2, ''),
(268, '2016-08-29', '-309.69', 23, 2, ''),
(269, '2016-08-27', '5000.00', 24, 2, ''),
(270, '2016-08-28', '-491.80', 15, 2, ''),
(271, '2016-08-30', '-174.35', 15, 2, ''),
(272, '2016-08-31', '-198.50', 16, 2, ''),
(273, '2016-09-02', '-377.30', 22, 2, ''),
(274, '2016-09-03', '-237.20', 25, 2, ''),
(275, '2016-09-03', '-43.00', 26, 2, ''),
(276, '2016-09-04', '-3.00', 27, 2, ''),
(277, '2016-09-04', '-296.93', 15, 2, ''),
(278, '2016-09-05', '-100.00', 28, 2, ''),
(279, '2016-09-06', '-283.38', 15, 2, ''),
(280, '2016-09-06', '-297.05', 89, 2, ''),
(281, '2016-09-07', '-100.00', 21, 2, ''),
(282, '2016-09-07', '-404.36', 22, 2, ''),
(283, '2016-09-08', '-115.00', 29, 2, ''),
(284, '2016-09-08', '-190.64', 29, 2, ''),
(285, '2016-09-10', '-281.20', 22, 2, ''),
(286, '2016-09-11', '-397.35', 15, 2, ''),
(287, '2016-09-13', '-27.50', 16, 2, ''),
(288, '2016-09-14', '-343.10', 22, 2, ''),
(289, '2016-09-15', '-135.10', 25, 2, ''),
(290, '2016-09-16', '-107.80', 30, 2, ''),
(291, '2016-09-16', '-127.50', 17, 2, ''),
(292, '2016-09-18', '-221.69', 29, 2, ''),
(293, '2016-09-19', '-269.61', 23, 2, ''),
(294, '2016-09-19', '-99.50', 17, 2, ''),
(295, '2016-09-21', '-117.50', 31, 2, ''),
(296, '2016-10-07', '-400.00', 3, 4, ''),
(297, '2016-01-22', '0.08', 42, 2, ''),
(298, '2016-01-22', '0.10', 42, 2, ''),
(299, '2016-02-12', '5000.00', 24, 2, ''),
(300, '2016-02-18', '2000.00', 42, 2, ''),
(301, '2016-02-22', '-500.00', 20, 2, ''),
(302, '2016-02-24', '500.00', 43, 2, ''),
(303, '2016-03-04', '309.35', 42, 2, ''),
(304, '2016-03-13', '2000.00', 24, 2, ''),
(305, '2016-03-24', '-500.00', 20, 2, ''),
(306, '2016-04-07', '-7000.00', 44, 2, ''),
(307, '2016-04-23', '-500.00', 20, 2, ''),
(308, '2016-04-26', '5000.00', 18, 2, ''),
(309, '2016-04-27', '-100.00', 45, 2, ''),
(310, '2016-05-25', '-188.56', 19, 2, ''),
(311, '2016-05-25', '-112.27', 19, 2, ''),
(312, '2016-05-25', '-378.21', 19, 2, ''),
(313, '2016-05-25', '-300.00', 92, 2, 'тф'),
(314, '2016-05-24', '-500.00', 20, 2, ''),
(315, '2016-05-26', '-55.00', 93, 2, ''),
(316, '2016-05-25', '-191.64', 46, 2, ''),
(317, '2016-06-03', '5000.00', 18, 2, ''),
(318, '2016-06-12', '-19000.00', 44, 2, ''),
(319, '2016-06-12', '20000.00', 32, 2, ''),
(320, '2016-06-15', '-206.50', 15, 2, ''),
(321, '2016-06-17', '-159.65', 17, 2, ''),
(322, '2016-06-18', '-248.38', 23, 2, ''),
(323, '2016-06-19', '-288.69', 15, 2, ''),
(324, '2016-04-20', '42.56', 34, 2, ''),
(325, '2016-10-11', '-1000.00', 3, 4, ''),
(326, '2016-10-16', '-10.00', 1, 4, ''),
(327, '2016-10-16', '1.00', 4, 1, 'подсунули'),
(328, '2016-10-19', '-1000.00', 3, 4, ''),
(329, '2016-09-22', '-337.60', 15, 2, ''),
(330, '2016-09-23', '1402.36', 5, 2, ''),
(331, '2016-09-23', '8860.72', 5, 2, ''),
(332, '2016-09-23', '10000.00', 32, 2, ''),
(333, '2016-09-23', '-432.64', 17, 2, ''),
(334, '2016-09-25', '-780.38', 88, 2, ''),
(335, '2016-09-24', '-283.20', 22, 2, ''),
(336, '2016-09-25', '-50.00', 93, 2, ''),
(337, '2016-09-25', '-1843.99', 91, 2, ''),
(338, '2016-09-25', '-594.10', 90, 2, ''),
(339, '2016-09-25', '-355.50', 25, 2, ''),
(340, '2016-09-25', '-500.00', 20, 2, ''),
(341, '2016-09-26', '-100.00', 21, 2, ''),
(342, '2016-09-26', '-169.79', 47, 2, ''),
(343, '2016-09-27', '-257.50', 22, 2, ''),
(344, '2016-09-28', '534.93', 48, 2, ''),
(345, '2016-09-29', '-82.80', 16, 2, ''),
(346, '2016-09-30', '-206.30', 17, 2, ''),
(347, '2016-10-02', '-189.00', 26, 2, ''),
(348, '2016-10-02', '-258.33', 15, 2, ''),
(349, '2016-10-03', '-355.70', 23, 2, ''),
(350, '2016-10-05', '-458.59', 22, 2, ''),
(351, '2016-10-07', '-306.58', 15, 2, ''),
(352, '2016-10-07', '-234.84', 46, 2, ''),
(353, '2016-10-09', '-681.30', 17, 2, ''),
(354, '2016-10-10', '-226.44', 22, 2, ''),
(355, '2016-10-12', '-251.08', 22, 2, ''),
(356, '2016-10-14', '-363.90', 23, 2, ''),
(357, '2016-10-15', '-27.50', 16, 2, ''),
(358, '2016-10-17', '-260.85', 29, 2, ''),
(359, '2016-10-22', '13173.06', 5, 4, 'матери'),
(360, '2016-10-22', '403.00', 5, 4, 'матери'),
(361, '2016-10-22', '925.26', 5, 4, 'матери'),
(362, '2016-10-22', '0.18', 4, 4, ''),
(363, '2016-10-22', '-1000.00', 3, 4, ''),
(364, '2016-10-28', '-500.00', 3, 4, ''),
(365, '2016-10-19', '-100.00', 21, 2, ''),
(366, '2016-10-19', '-431.05', 17, 2, ''),
(367, '2016-10-21', '8860.72', 5, 2, ''),
(368, '2016-10-21', '1402.36', 5, 2, ''),
(369, '2016-10-23', '-269.50', 16, 2, ''),
(370, '2016-10-24', '-780.38', 88, 2, ''),
(371, '2016-10-24', '-50.00', 93, 2, ''),
(372, '2016-10-24', '-182.00', 26, 2, ''),
(373, '2016-10-24', '-26.00', 16, 2, ''),
(374, '2016-10-24', '-500.00', 49, 2, ''),
(375, '2016-10-26', '-1887.80', 91, 2, ''),
(376, '2016-10-26', '-424.76', 90, 2, ''),
(377, '2016-10-26', '-171.00', 19, 2, ''),
(378, '2016-10-26', '-288.73', 22, 2, ''),
(379, '2016-10-27', '593.47', 50, 2, ''),
(380, '2016-10-28', '-374.98', 23, 2, ''),
(381, '2016-10-28', '-126.00', 35, 2, ''),
(382, '2016-10-29', '-325.47', 17, 2, ''),
(383, '2016-10-20', '217.28', 34, 2, ''),
(384, '2016-07-20', '65.89', 34, 2, ''),
(385, '2016-11-03', '-1000.00', 3, 4, ''),
(386, '2016-11-08', '-75.00', 7, 1, 'трамвай'),
(387, '2016-11-10', '-150.00', 2, 1, ''),
(388, '2016-11-15', '-5000.00', 1, 4, 'Милена'),
(389, '2016-11-15', '-2000.00', 1, 4, 'Доминика'),
(390, '2016-11-15', '-1000.00', 3, 4, ''),
(391, '2016-11-18', '-50.00', 7, 1, 'транспорт'),
(392, '2016-11-22', '14594.31', 5, 4, 'матери'),
(393, '2016-11-22', '-0.01', 4, 4, ''),
(394, '2016-11-22', '-1994.30', 3, 4, ''),
(395, '2016-11-03', '-413.51', 22, 2, ''),
(396, '2016-11-05', '-135.50', 16, 2, ''),
(397, '2016-11-06', '-53.50', 16, 2, ''),
(398, '2016-11-08', '-6960.00', 51, 2, 'телефон LG, роутер TP-Link'),
(399, '2016-11-09', '-4000.00', 44, 2, ''),
(400, '2016-11-09', '-100.00', 21, 2, ''),
(401, '2016-11-09', '-655.90', 17, 2, ''),
(402, '2016-11-10', '-112.00', 29, 2, ''),
(403, '2016-11-11', '-200.00', 52, 2, 'симка'),
(404, '2016-11-13', '-340.50', 22, 2, ''),
(405, '2016-11-16', '-116.88', 19, 2, ''),
(406, '2016-11-17', '-379.80', 22, 2, ''),
(407, '2016-11-21', '-98.00', 16, 2, ''),
(408, '2016-11-23', '1402.36', 5, 2, ''),
(409, '2016-11-23', '8860.72', 5, 2, ''),
(410, '2016-11-23', '-417.94', 22, 2, ''),
(411, '2016-11-24', '-107.80', 17, 2, ''),
(412, '2016-11-26', '-300.00', 92, 2, 'тф'),
(413, '2016-11-26', '-780.38', 88, 2, ''),
(414, '2016-11-26', '-297.05', 89, 2, ''),
(415, '2016-11-26', '-50.00', 93, 2, ''),
(416, '2016-11-26', '-500.00', 20, 2, ''),
(417, '2016-11-26', '-169.60', 47, 2, ''),
(418, '2016-11-26', '-295.20', 22, 2, ''),
(419, '2016-11-28', '546.50', 50, 2, ''),
(420, '2016-11-28', '-429.02', 90, 2, ''),
(421, '2016-11-26', '-1847.75', 46, 2, ''),
(422, '2016-12-02', '-1000.00', 63, 1, 'рубашка'),
(423, '2016-12-02', '-100.00', 7, 1, 'транспорт'),
(424, '2016-12-03', '-1000.00', 3, 4, 'приблизительно'),
(425, '2016-12-08', '-30.00', 7, 1, 'трамвай'),
(426, '2016-12-10', '-178.00', 13, 1, 'кусачки'),
(427, '2016-12-17', '-14000.00', 1, 4, 'дверь'),
(428, '2016-12-20', '-70.00', 7, 1, 'транспорт'),
(429, '2016-12-22', '14534.49', 5, 4, 'матери'),
(430, '2016-12-22', '0.01', 4, 4, ''),
(431, '2016-12-18', '-25.00', 7, 1, 'транспорт'),
(432, '2016-12-18', '-3000.00', 3, 4, 'приблизительно'),
(433, '2016-12-18', '-3000.00', 2, 4, 'приблизительно'),
(434, '2016-11-29', '-2990.00', 54, 2, 'термобельё'),
(435, '2016-11-29', '-11192.00', 33, 2, 'куртка'),
(436, '2016-12-01', '-360.30', 22, 2, ''),
(437, '2016-12-05', '-100.00', 21, 2, ''),
(438, '2016-12-06', '-400.64', 22, 2, ''),
(439, '2016-12-05', '-4000.00', 55, 2, 'джинсы'),
(440, '2016-12-08', '-101.00', 51, 2, ''),
(441, '2016-12-08', '-76.00', 25, 2, ''),
(442, '2016-12-10', '-190.50', 25, 2, ''),
(443, '2016-12-13', '-137.00', 56, 2, ''),
(444, '2016-12-13', '-169.93', 22, 2, ''),
(445, '2016-12-15', '-500.80', 22, 2, ''),
(446, '2016-12-19', '-100.00', 21, 2, ''),
(447, '2016-12-19', '-2356.00', 57, 2, ''),
(448, '2016-12-20', '-276.37', 17, 2, ''),
(449, '2016-12-20', '-161.58', 47, 2, ''),
(450, '2016-12-20', '-1808.76', 46, 2, ''),
(451, '2016-12-22', '-216.78', 22, 2, ''),
(452, '2016-12-23', '1402.36', 5, 2, ''),
(453, '2016-12-23', '8860.72', 5, 2, ''),
(454, '2016-12-23', '-100.00', 21, 2, ''),
(455, '2016-12-24', '-339.95', 22, 2, ''),
(456, '2016-12-25', '-780.38', 88, 2, ''),
(457, '2016-12-25', '-297.05', 89, 2, ''),
(458, '2016-12-25', '-300.00', 92, 2, 'тф'),
(459, '2016-12-25', '-50.00', 93, 2, ''),
(460, '2016-12-25', '-500.00', 20, 2, ''),
(461, '2016-12-26', '-403.19', 90, 2, ''),
(462, '2016-12-26', '-512.00', 35, 2, ''),
(463, '2016-12-26', '-122.57', 23, 2, ''),
(464, '2016-12-28', '542.66', 50, 2, ''),
(465, '2016-12-28', '-369.86', 22, 2, ''),
(466, '2016-12-30', '-201.30', 30, 2, ''),
(467, '2016-12-30', '-39.90', 17, 2, ''),
(468, '2016-12-30', '-117.50', 16, 2, ''),
(469, '2016-11-28', '-169.33', 22, 2, ''),
(470, '2017-01-13', '-15000.00', 32, 1, ''),
(471, '2016-12-29', '-1094.00', 1, 4, ''),
(472, '2017-01-21', '19499.18', 5, 4, 'матери'),
(473, '2017-01-21', '-200.00', 1, 4, ''),
(474, '2017-01-03', '-100.00', 21, 2, ''),
(475, '2017-01-07', '-247.50', 16, 2, ''),
(476, '2017-01-08', '-319.60', 22, 2, ''),
(477, '2017-01-10', '-670.46', 22, 2, ''),
(478, '2017-01-11', '5000.00', 5, 2, ''),
(479, '2017-01-12', '-321.46', 22, 2, ''),
(480, '2017-01-13', '15000.00', 32, 2, ''),
(481, '2017-01-13', '-352.00', 35, 2, ''),
(482, '2017-01-13', '-100.00', 21, 2, ''),
(483, '2017-01-13', '-510.16', 17, 2, ''),
(484, '2017-01-16', '-348.12', 22, 2, ''),
(485, '2017-01-19', '-619.57', 22, 2, ''),
(486, '2017-01-20', '-161.06', 47, 2, ''),
(487, '2017-01-10', '-700.00', 55, 2, 'ремень'),
(488, '2017-01-20', '-652.23', 46, 2, ''),
(489, '2017-01-22', '-196.90', 22, 2, ''),
(490, '2017-01-22', '-139.00', 56, 2, ''),
(491, '2017-01-23', '8860.72', 5, 2, ''),
(492, '2017-01-23', '1402.36', 5, 2, ''),
(493, '2017-01-24', '-658.32', 17, 2, ''),
(494, '2017-01-25', '-361.80', 22, 2, ''),
(495, '2017-01-26', '-297.05', 89, 2, ''),
(496, '2017-01-26', '-420.13', 90, 2, ''),
(497, '2017-01-26', '-780.38', 88, 2, ''),
(498, '2017-01-26', '-50.00', 93, 2, ''),
(499, '2017-01-26', '-300.00', 10, 2, 'тф'),
(500, '2017-01-26', '-500.00', 20, 2, ''),
(501, '2017-01-27', '-100.00', 21, 2, ''),
(502, '2017-01-27', '-164.17', 23, 2, ''),
(503, '2017-01-29', '-456.10', 22, 2, ''),
(504, '2017-01-30', '531.52', 50, 2, ''),
(505, '2017-01-31', '-4000.00', 3, 4, 'примерно'),
(506, '2017-01-31', '-4800.00', 2, 4, 'примерно'),
(507, '2017-02-22', '15174.70', 5, 4, 'матери'),
(508, '2017-02-22', '-2000.00', 1, 4, 'Милена'),
(509, '2017-02-22', '-1679.88', 3, 4, ''),
(510, '2017-02-01', '-241.70', 17, 2, ''),
(511, '2017-02-03', '-336.44', 22, 2, ''),
(512, '2017-02-05', '-292.01', 22, 2, ''),
(513, '2017-02-07', '-500.30', 22, 2, ''),
(514, '2017-02-10', '-460.50', 22, 2, ''),
(515, '2017-02-12', '-320.27', 22, 2, ''),
(516, '2017-02-13', '-100.00', 21, 2, ''),
(517, '2017-02-16', '-384.30', 22, 2, ''),
(518, '2017-02-19', '-1780.67', 46, 2, ''),
(519, '2017-02-19', '-140.49', 47, 2, ''),
(520, '2017-02-21', '-460.30', 22, 2, ''),
(521, '2017-02-22', '541.29', 50, 2, ''),
(522, '2017-02-22', '9339.17', 5, 2, ''),
(523, '2017-02-22', '1478.09', 5, 2, ''),
(524, '2017-02-25', '-335.79', 90, 2, ''),
(525, '2017-02-25', '-50.00', 93, 2, ''),
(526, '2017-02-25', '-311.43', 89, 2, 'кап'),
(527, '2017-02-25', '-780.38', 88, 2, ''),
(528, '2017-02-25', '-300.00', 10, 2, 'тф'),
(529, '2017-02-25', '-500.00', 20, 2, ''),
(530, '2017-02-25', '-271.54', 22, 2, ''),
(531, '2017-03-01', '-347.30', 22, 2, ''),
(532, '2017-03-03', '-425.19', 22, 2, ''),
(533, '2017-03-07', '-300.00', 10, 2, 'тф'),
(534, '2017-03-06', '-393.10', 22, 2, ''),
(535, '2017-03-10', '-583.57', 22, 2, ''),
(536, '2017-01-20', '219.31', 34, 2, ''),
(537, '2017-03-22', '15175.71', 5, 4, 'матери'),
(538, '2017-03-20', '-3675.71', 3, 4, 'примерно'),
(539, '2017-03-19', '-3000.00', 63, 1, 'ботинки'),
(540, '2017-03-15', '-609.90', 17, 2, ''),
(541, '2017-03-16', '-100.00', 58, 2, ''),
(542, '2017-03-18', '-441.70', 22, 2, ''),
(543, '2017-03-20', '-277.18', 29, 2, ''),
(544, '2017-03-22', '-471.82', 22, 2, ''),
(545, '2017-03-23', '1478.09', 5, 2, ''),
(546, '2017-03-23', '9339.17', 5, 2, ''),
(547, '2017-03-24', '-100.00', 58, 2, ''),
(548, '2017-03-24', '-171.00', 35, 2, ''),
(549, '2017-03-24', '-219.76', 23, 2, ''),
(550, '2017-03-26', '-50.00', 93, 2, ''),
(551, '2017-03-26', '-311.43', 89, 2, 'кап'),
(552, '2017-03-26', '-780.38', 88, 2, ''),
(553, '2017-03-26', '-167.84', 47, 2, ''),
(554, '2017-03-26', '-500.00', 20, 2, ''),
(555, '2017-03-26', '-217.00', 17, 2, ''),
(556, '2017-03-27', '517.83', 50, 2, ''),
(557, '2017-03-27', '-189.00', 35, 2, ''),
(558, '2017-03-26', '-1834.44', 46, 2, ''),
(559, '2017-03-29', '-388.30', 22, 2, ''),
(560, '2017-03-31', '-605.10', 22, 2, ''),
(561, '2017-03-31', '-378.84', 90, 2, ''),
(562, '2017-04-02', '-399.40', 22, 2, ''),
(563, '2017-04-05', '-4.50', 4, 1, 'нашёл 50к, потерял 5р'),
(564, '2017-04-08', '-100.00', 2, 4, 'обои'),
(565, '2017-04-20', '-200.00', 2, 1, 'доставка тв'),
(566, '2017-04-22', '15175.09', 5, 4, 'матери'),
(567, '2017-04-22', '-5300.09', 3, 4, 'примерно'),
(568, '2017-04-22', '-2000.00', 1, 4, 'Люде'),
(569, '2017-04-05', '-168.86', 95, 2, 'тф'),
(570, '2017-04-04', '-269.90', 22, 2, ''),
(571, '2017-04-06', '-138.59', 23, 2, ''),
(572, '2017-04-10', '-281.50', 17, 2, ''),
(573, '2017-04-14', '-360.40', 22, 2, ''),
(574, '2017-04-16', '-276.10', 22, 2, ''),
(575, '2017-04-18', '-100.00', 58, 2, ''),
(576, '2017-04-18', '-50000.00', 44, 2, ''),
(577, '2017-04-18', '67.70', 43, 2, ''),
(578, '2017-04-18', '31603.35', 43, 2, ''),
(579, '2017-04-18', '-309.50', 22, 2, ''),
(580, '2017-04-19', '-8050.00', 60, 2, 'телевизор'),
(581, '2017-04-21', '9356.54', 5, 2, ''),
(582, '2017-04-21', '1478.09', 5, 2, ''),
(583, '2017-04-20', '326.61', 34, 2, ''),
(584, '2017-04-24', '-15000.00', 61, 1, ''),
(585, '2017-05-07', '2.20', 4, 1, 'нашёл в шкафу'),
(586, '2017-05-17', '-367.00', 23, 1, ''),
(587, '2017-05-22', '15236.40', 5, 4, 'матери'),
(588, '2017-05-22', '-40.00', 2, 1, ''),
(589, '2017-05-21', '-1196.40', 2, 4, 'примерно'),
(590, '2017-05-21', '-2000.00', 3, 4, 'примерно'),
(591, '2017-05-22', '-1526.90', 2, 4, 'примерно'),
(592, '2017-05-22', '-2000.00', 3, 4, 'примерно'),
(593, '2017-04-22', '-342.83', 17, 2, ''),
(594, '2017-04-24', '15000.00', 61, 2, ''),
(595, '2017-04-24', '-537.40', 22, 2, ''),
(596, '2017-04-25', '-780.38', 88, 2, ''),
(597, '2017-04-25', '-311.43', 89, 2, 'кап'),
(598, '2017-04-25', '-50.00', 93, 2, ''),
(599, '2017-04-25', '-169.34', 47, 2, ''),
(600, '2017-04-25', '-500.00', 20, 2, ''),
(601, '2017-04-26', '-378.84', 90, 2, ''),
(602, '2017-04-25', '-1867.19', 46, 2, ''),
(603, '2017-04-26', '-474.38', 22, 2, ''),
(604, '2017-04-28', '539.65', 50, 2, ''),
(605, '2017-04-28', '-234.31', 22, 2, ''),
(606, '2017-05-01', '-380.70', 17, 2, ''),
(607, '2017-05-03', '-362.97', 22, 2, ''),
(608, '2017-05-05', '-312.34', 95, 2, 'тф'),
(609, '2017-05-05', '-261.09', 23, 2, ''),
(610, '2017-05-05', '-190.00', 39, 2, 'носки'),
(611, '2017-05-07', '-378.50', 22, 2, ''),
(612, '2017-05-10', '-284.17', 22, 2, ''),
(613, '2017-05-12', '-115.30', 22, 2, ''),
(614, '2017-05-13', '-208.54', 17, 2, ''),
(615, '2017-05-15', '-346.00', 22, 2, ''),
(616, '2017-05-19', '-349.00', 22, 2, ''),
(617, '2017-05-21', '-287.90', 22, 2, ''),
(618, '2017-05-23', '9356.54', 5, 2, ''),
(619, '2017-05-23', '-192.80', 22, 2, ''),
(620, '2017-05-23', '1478.09', 5, 2, ''),
(621, '2017-05-24', '-173.45', 47, 2, ''),
(622, '2017-05-31', '-700.00', 63, 1, 'ремень'),
(623, '2017-06-22', '15396.33', 5, 4, 'матери'),
(624, '2017-06-21', '-4616.83', 3, 4, ''),
(625, '2017-06-22', '-10000.00', 1, 4, ''),
(626, '2017-06-23', '-385.00', 22, 1, ''),
(627, '2017-05-25', '-50.00', 93, 2, ''),
(628, '2017-05-25', '-622.87', 89, 2, ''),
(629, '2017-05-25', '-840.14', 88, 2, ''),
(630, '2017-05-25', '-335.79', 90, 2, ''),
(631, '2017-05-24', '-1859.49', 46, 2, ''),
(632, '2017-05-25', '-500.00', 20, 2, ''),
(633, '2017-05-25', '-459.50', 17, 2, ''),
(634, '2017-05-26', '532.47', 50, 2, ''),
(635, '2017-05-26', '-100.00', 58, 2, ''),
(636, '2017-05-27', '-313.90', 22, 2, ''),
(637, '2017-05-29', '-329.70', 17, 2, ''),
(638, '2017-05-31', '-130.00', 22, 2, ''),
(639, '2017-06-02', '-179.79', 23, 2, ''),
(640, '2017-06-05', '-249.68', 95, 2, 'тф'),
(641, '2017-06-05', '-265.30', 22, 2, ''),
(642, '2017-06-07', '-228.80', 22, 2, ''),
(643, '2017-06-09', '-374.27', 22, 2, ''),
(644, '2017-06-11', '-263.18', 23, 2, ''),
(645, '2017-06-13', '-322.70', 17, 2, ''),
(646, '2017-06-17', '-390.60', 22, 2, ''),
(647, '2017-06-19', '-171.10', 22, 2, ''),
(648, '2017-06-20', '-149.72', 47, 2, ''),
(649, '2017-06-20', '-1863.40', 46, 2, ''),
(650, '2017-06-21', '-399.70', 22, 2, ''),
(651, '2017-06-23', '1478.09', 5, 2, ''),
(652, '2017-06-23', '9356.54', 5, 2, ''),
(653, '2017-06-23', '-100.00', 58, 2, ''),
(654, '2017-07-08', '-400.00', 63, 1, 'трусы'),
(655, '2017-06-25', '-312.83', 90, 2, ''),
(656, '2017-06-25', '-311.43', 89, 2, 'кап'),
(657, '2017-06-25', '-50.00', 93, 2, ''),
(658, '2017-06-25', '-810.26', 88, 2, ''),
(659, '2017-06-25', '-500.00', 20, 2, ''),
(660, '2017-06-25', '-203.90', 17, 2, ''),
(661, '2017-06-27', '-468.90', 22, 2, ''),
(662, '2017-06-29', '525.30', 50, 2, ''),
(663, '2017-06-29', '-223.50', 22, 2, ''),
(664, '2017-07-01', '-303.02', 29, 2, ''),
(665, '2017-07-02', '-100.00', 58, 2, ''),
(666, '2017-07-03', '-121.70', 22, 2, ''),
(667, '2017-07-05', '-315.10', 95, 2, 'тф'),
(668, '2017-07-05', '-471.20', 22, 2, ''),
(669, '2017-07-10', '-30.00', 7, 1, 'трамвай'),
(670, '2017-07-22', '15262.37', 5, 4, 'матери'),
(671, '2017-07-22', '-3462.37', 3, 4, ''),
(672, '2017-07-22', '-800.00', 2, 4, ''),
(673, '2017-07-22', '-8200.00', 1, 4, 'детям'),
(674, '2017-07-09', '-219.40', 22, 2, ''),
(675, '2017-07-10', '-120.00', 51, 2, 'наклейка на клаву'),
(676, '2017-07-11', '-326.43', 22, 2, ''),
(677, '2017-07-13', '-428.80', 22, 2, ''),
(678, '2017-07-15', '-160.10', 22, 2, ''),
(679, '2017-07-17', '-100.00', 58, 2, ''),
(680, '2017-07-18', '-401.60', 22, 2, ''),
(681, '2017-07-20', '-372.19', 22, 2, ''),
(682, '2017-07-21', '1478.09', 5, 2, ''),
(683, '2017-07-21', '-177.17', 47, 2, ''),
(684, '2017-07-21', '9356.54', 5, 2, ''),
(685, '2017-07-20', '296.07', 34, 2, ''),
(686, '2017-07-07', '-319.50', 23, 2, ''),
(687, '2017-07-21', '-1841.62', 46, 2, ''),
(688, '2017-07-22', '-291.52', 17, 2, ''),
(689, '2017-07-23', '-172.30', 62, 2, ''),
(690, '2017-07-25', '-421.80', 16, 2, ''),
(691, '2017-07-26', '-50.00', 93, 2, ''),
(692, '2017-07-26', '-810.26', 88, 2, ''),
(693, '2017-07-26', '-311.43', 89, 2, 'кап'),
(694, '2017-07-26', '-500.00', 20, 2, ''),
(695, '2017-07-27', '519.56', 50, 2, ''),
(696, '2017-07-28', '-393.19', 90, 2, ''),
(697, '2017-07-28', '-415.13', 22, 2, ''),
(698, '2017-07-30', '-387.88', 22, 2, ''),
(699, '2017-08-01', '-100.00', 58, 2, ''),
(700, '2017-08-03', '-183.00', 16, 2, ''),
(701, '2017-08-05', '-247.12', 95, 2, 'тф'),
(702, '2017-08-05', '-316.71', 22, 2, ''),
(703, '2017-08-07', '-270.10', 22, 2, ''),
(704, '2017-08-09', '-383.52', 22, 2, ''),
(705, '2017-08-10', '-100.00', 58, 2, ''),
(706, '2017-08-12', '-100.00', 58, 2, ''),
(707, '2017-08-11', '-211.40', 22, 2, ''),
(708, '2017-08-13', '-150.60', 22, 2, ''),
(709, '2017-08-22', '15246.73', 5, 4, 'матери'),
(710, '2017-08-21', '-3000.00', 3, 4, ''),
(711, '2017-08-21', '-4278.23', 1, 4, ''),
(712, '2017-08-15', '-309.62', 22, 2, ''),
(713, '2017-08-17', '-152.00', 56, 2, ''),
(714, '2017-08-17', '-399.43', 22, 2, ''),
(715, '2017-08-19', '-379.20', 22, 2, ''),
(716, '2017-08-21', '-351.41', 22, 2, ''),
(717, '2017-08-22', '-153.16', 47, 2, ''),
(718, '2017-08-22', '-1749.06', 46, 2, ''),
(719, '2017-08-23', '1478.09', 5, 2, ''),
(720, '2017-08-23', '9356.54', 5, 2, ''),
(721, '2017-08-23', '-171.50', 64, 2, ''),
(722, '2017-08-31', '-178.50', 64, 1, ''),
(723, '2017-09-04', '-1000.00', 3, 4, ''),
(724, '2017-09-04', '-25000.00', 1, 4, 'ремонт батарей Артур'),
(725, '2017-09-06', '-23000.00', 2, 4, 'ремонт батарей'),
(726, '2017-08-25', '-311.43', 89, 2, 'кап'),
(727, '2017-08-25', '-50.00', 93, 2, ''),
(728, '2017-08-25', '-500.00', 20, 2, ''),
(729, '2017-08-25', '-807.44', 88, 2, ''),
(730, '2017-08-25', '-442.64', 22, 2, ''),
(731, '2017-08-27', '-299.97', 90, 2, ''),
(732, '2017-08-28', '513.58', 50, 2, ''),
(733, '2017-08-27', '-462.80', 22, 2, ''),
(734, '2017-08-29', '-713.00', 35, 2, ''),
(735, '2017-08-29', '-303.48', 23, 2, ''),
(736, '2017-09-02', '-295.40', 22, 2, ''),
(737, '2017-09-04', '-100.00', 58, 2, ''),
(738, '2017-09-11', '-1000.00', 2, 4, ''),
(739, '2017-09-04', '-298.23', 17, 2, ''),
(740, '2017-09-05', '-293.68', 95, 2, 'тф'),
(741, '2017-09-06', '-297.26', 22, 2, ''),
(742, '2017-09-08', '1069.78', 24, 2, ''),
(743, '2017-09-08', '-456.95', 23, 2, ''),
(744, '2017-09-10', '-302.29', 22, 2, ''),
(745, '2017-09-11', '1580.36', 42, 2, ''),
(746, '2017-09-11', '974.29', 42, 2, ''),
(747, '2017-09-12', '-100.00', 58, 2, ''),
(748, '2017-09-12', '-245.06', 23, 2, ''),
(749, '2017-09-14', '-247.47', 23, 2, ''),
(750, '2017-09-22', '15243.66', 5, 4, 'матери'),
(751, '2017-09-22', '-10000.00', 1, 4, 'ремонт Люда'),
(752, '2017-09-22', '-4140.16', 2, 4, ''),
(753, '2017-09-25', '-610.00', 3, 4, ''),
(754, '2017-09-23', '-500.00', 3, 4, ''),
(755, '2017-09-27', '-30.00', 7, 1, 'трамвай'),
(756, '2017-09-16', '-459.00', 22, 2, ''),
(757, '2017-09-18', '-321.89', 23, 2, ''),
(758, '2017-09-18', '-191.00', 35, 2, ''),
(759, '2017-09-20', '-561.40', 22, 2, ''),
(760, '2017-09-21', '-159.79', 47, 2, ''),
(761, '2017-09-21', '-1872.22', 46, 2, ''),
(762, '2017-09-22', '1478.09', 5, 2, ''),
(763, '2017-09-22', '9356.54', 5, 2, ''),
(764, '2017-09-22', '-266.29', 17, 2, ''),
(765, '2017-09-24', '-403.30', 22, 2, ''),
(766, '2017-09-25', '-27.37', 88, 2, ''),
(767, '2017-09-25', '-311.43', 89, 2, 'кап'),
(768, '2017-09-25', '-50.00', 93, 2, ''),
(769, '2017-09-25', '-500.00', 20, 2, ''),
(770, '2017-09-26', '-100.00', 58, 2, ''),
(771, '2017-09-26', '-205.40', 64, 2, ''),
(772, '2017-09-26', '-1608.00', 35, 2, ''),
(773, '2017-09-26', '-5849.00', 51, 2, 'память, колонки'),
(774, '2017-09-27', '515.64', 50, 2, ''),
(775, '2017-09-28', '-304.50', 22, 2, ''),
(776, '2017-09-29', '-313.73', 90, 2, ''),
(777, '2017-09-30', '-308.35', 23, 2, ''),
(778, '2017-10-02', '-520.50', 22, 2, ''),
(779, '2017-10-04', '-406.72', 23, 2, ''),
(780, '2017-10-05', '-448.36', 95, 2, 'тф'),
(781, '2017-10-05', '-282.50', 64, 2, ''),
(782, '2017-10-06', '-147.50', 16, 2, ''),
(783, '2017-10-06', '-146.00', 64, 2, ''),
(784, '2017-10-21', '15953.76', 5, 4, 'матери'),
(785, '2017-10-21', '-3453.76', 3, 4, 'примерно'),
(786, '2017-10-12', '-100.00', 58, 2, ''),
(787, '2017-10-15', '-331.36', 64, 2, ''),
(788, '2017-10-15', '-107.50', 16, 2, ''),
(789, '2017-10-18', '-372.78', 17, 2, ''),
(790, '2017-10-18', '-15.00', 35, 2, ''),
(791, '2017-10-20', '-168.00', 64, 2, ''),
(792, '2017-10-20', '-303.50', 16, 2, ''),
(793, '2017-10-20', '363.03', 34, 2, ''),
(794, '2017-10-28', '-226.46', 17, 1, ''),
(795, '2017-10-26', '-30.00', 7, 1, 'трамвай'),
(796, '2017-10-21', '-500.00', 2, 4, 'примерно'),
(797, '2017-10-21', '-144.95', 47, 2, ''),
(798, '2017-10-22', '-373.24', 64, 2, ''),
(799, '2017-10-23', '9356.54', 5, 2, ''),
(800, '2017-10-23', '1478.09', 5, 2, ''),
(801, '2017-10-21', '-1822.10', 46, 2, ''),
(802, '2017-10-25', '-50.00', 93, 2, ''),
(803, '2017-10-25', '-311.43', 89, 2, 'кап'),
(804, '2017-10-25', '-834.81', 88, 2, ''),
(805, '2017-10-25', '-80000.00', 44, 2, ''),
(806, '2017-10-25', '51253.88', 43, 2, ''),
(807, '2017-10-25', '-500.00', 20, 2, ''),
(808, '2017-10-26', '-220.00', 65, 2, 'фонарик'),
(809, '2017-10-26', '-301.13', 64, 2, ''),
(810, '2017-10-27', '519.08', 50, 2, ''),
(811, '2017-10-26', '-600.00', 38, 2, 'костыль'),
(812, '2017-10-28', '-185.92', 64, 2, ''),
(813, '2017-11-05', '-1000.00', 3, 4, 'примерно'),
(814, '2017-10-30', '-239.00', 25, 2, ''),
(815, '2017-10-30', '-208.50', 64, 2, ''),
(816, '2017-11-02', '-352.26', 90, 2, ''),
(817, '2017-11-03', '-200.00', 66, 2, 'перчатки'),
(818, '2017-11-03', '-248.60', 22, 2, ''),
(819, '2017-11-05', '-510.58', 95, 2, 'тф'),
(820, '2017-11-06', '-466.51', 22, 2, ''),
(821, '2017-11-07', '-322.50', 64, 2, ''),
(822, '2017-11-07', '-100.00', 58, 2, ''),
(823, '2017-11-07', '-45.50', 16, 2, ''),
(824, '2017-11-10', '-399.22', 17, 2, ''),
(825, '2017-11-13', '-377.00', 22, 2, ''),
(826, '2017-11-15', '-384.25', 23, 2, ''),
(827, '2017-11-17', '-119.50', 16, 2, ''),
(828, '2017-11-18', '-373.00', 64, 2, ''),
(829, '2017-11-22', '15638.93', 5, 4, 'матери'),
(830, '2017-11-22', '-25638.93', 1, 4, '2 дивана'),
(831, '2017-11-25', '5.00', 4, 1, ''),
(832, '2017-11-20', '-153.28', 47, 2, ''),
(833, '2017-11-20', '-589.42', 22, 2, ''),
(834, '2017-11-20', '-1883.91', 46, 2, ''),
(835, '2017-11-21', '-311.43', 89, 2, 'кап'),
(836, '2017-11-21', '-500.00', 20, 2, ''),
(837, '2017-11-23', '1478.09', 5, 2, ''),
(838, '2017-11-23', '-100.00', 58, 2, ''),
(839, '2017-11-23', '9356.54', 5, 2, ''),
(840, '2017-11-24', '-780.69', 88, 2, 'жильё'),
(841, '2017-11-25', '-50.00', 98, 2, ''),
(842, '2017-11-25', '-76.90', 22, 2, ''),
(843, '2017-11-27', '-263.66', 16, 2, ''),
(844, '2017-11-27', '-215.00', 64, 2, ''),
(845, '2017-11-28', '528.71', 50, 2, ''),
(846, '2017-12-01', '-495.97', 22, 2, ''),
(847, '2017-12-01', '-264.48', 90, 2, ''),
(848, '2017-12-05', '-329.52', 95, 2, 'тф'),
(849, '2017-12-05', '-336.25', 17, 2, ''),
(850, '2017-12-05', '-100.00', 58, 2, ''),
(851, '2017-12-07', '-92.50', 16, 2, ''),
(852, '2017-12-07', '-414.00', 64, 2, ''),
(853, '2017-12-07', '-1000.00', 1, 4, ''),
(854, '2017-12-13', '-57.04', 7, 4, ''),
(855, '2017-12-05', '-30.00', 27, 2, ''),
(856, '2017-12-10', '-415.45', 22, 2, ''),
(857, '2017-12-17', '-1858.39', 46, 2, ''),
(858, '2017-12-13', '-452.26', 22, 2, ''),
(859, '2017-12-16', '-1000.00', 32, 2, ''),
(860, '2017-12-16', '-173.74', 17, 2, ''),
(861, '2017-12-16', '-350.40', 64, 2, ''),
(862, '2017-12-16', '1000.00', 32, 1, ''),
(863, '2017-12-17', '-133.85', 47, 2, ''),
(864, '2017-12-17', '-100.00', 58, 2, ''),
(865, '2017-12-19', '-309.18', 23, 2, ''),
(866, '2017-12-19', '-51.50', 23, 2, ''),
(867, '2017-12-19', '-180.50', 64, 2, ''),
(868, '2017-12-22', '15616.09', 5, 4, ''),
(869, '2017-12-22', '-16616.09', 1, 4, ''),
(870, '2017-12-22', '9356.54', 5, 2, ''),
(871, '2017-12-22', '1478.09', 5, 2, ''),
(872, '2017-12-22', '525.07', 50, 2, ''),
(873, '2017-12-22', '-100.00', 58, 2, ''),
(874, '2017-12-24', '-414.62', 22, 2, ''),
(875, '2017-12-24', '-288.96', 90, 2, ''),
(876, '2017-12-24', '-500.00', 20, 2, ''),
(877, '2017-12-25', '-807.89', 94, 2, 'жильё'),
(878, '2017-12-25', '-50.00', 98, 2, ''),
(879, '2017-12-27', '-403.40', 22, 2, ''),
(880, '2017-12-30', '-493.45', 22, 2, ''),
(881, '2018-01-02', '-20.00', 7, 4, 'Давид'),
(882, '2018-01-04', '-100.00', 58, 2, ''),
(883, '2018-01-05', '-308.36', 95, 2, ''),
(884, '2018-01-05', '-311.43', 96, 2, ''),
(885, '2018-01-05', '-466.96', 17, 2, ''),
(886, '2018-01-06', '-30.00', 27, 2, ''),
(887, '2018-01-07', '-480.90', 64, 2, ''),
(888, '2018-01-07', '-147.50', 16, 2, ''),
(889, '2017-12-02', '17542.60', 67, 3, ''),
(890, '2017-09-08', '-1146.87', 68, 3, ''),
(891, '2017-07-22', '-85.00', 69, 3, ''),
(892, '2017-04-27', '-100.50', 70, 3, ''),
(893, '2017-02-02', '-100.50', 71, 3, ''),
(894, '2016-10-28', '629.76', 72, 3, ''),
(895, '2016-10-04', '624.85', 72, 3, ''),
(896, '2016-08-27', '-5195.00', 68, 3, ''),
(897, '2016-08-25', '647.49', 72, 3, ''),
(898, '2016-08-11', '647.20', 72, 3, ''),
(899, '2016-07-24', '645.62', 72, 3, ''),
(900, '2016-07-17', '631.06', 72, 3, ''),
(901, '2016-07-05', '636.20', 72, 3, ''),
(902, '2016-06-18', '653.74', 72, 3, ''),
(903, '2016-06-10', '646.15', 72, 3, ''),
(904, '2016-06-01', '-28.87', 73, 3, ''),
(905, '2016-05-25', '669.82', 72, 3, ''),
(906, '2016-05-03', '-599.09', 74, 3, ''),
(907, '2016-04-27', '-1005.00', 75, 3, ''),
(908, '2016-04-26', '-941.62', 74, 3, ''),
(909, '2016-04-25', '661.53', 72, 3, ''),
(910, '2016-04-20', '655.81', 72, 3, ''),
(911, '2016-04-14', '657.00', 72, 3, ''),
(912, '2016-04-08', '684.53', 72, 3, ''),
(913, '2016-03-13', '-2075.00', 68, 3, ''),
(914, '2016-03-12', '702.36', 72, 3, ''),
(915, '2016-03-05', '731.12', 72, 3, ''),
(916, '2016-02-29', '750.15', 72, 3, ''),
(917, '2016-02-12', '-5165.00', 68, 3, ''),
(918, '2016-02-11', '1257.63', 72, 3, ''),
(919, '2016-02-08', '2291.53', 72, 3, ''),
(920, '2016-01-31', '18.59', 76, 3, ''),
(921, '2016-01-30', '2.28', 77, 3, ''),
(922, '2016-01-30', '13.95', 78, 3, ''),
(923, '2016-01-23', '60.00', 79, 3, ''),
(924, '2016-01-22', '9.95', 76, 3, ''),
(925, '2016-01-22', '-60.00', 79, 3, ''),
(926, '2016-01-21', '1568.15', 72, 3, ''),
(927, '2016-01-20', '4.98', 78, 3, ''),
(928, '2016-01-20', '1.00', 80, 3, ''),
(929, '2018-01-11', '-656.10', 22, 2, ''),
(930, '2018-01-11', '-100.00', 58, 2, ''),
(931, '2018-01-13', '-405.00', 22, 2, ''),
(932, '2018-01-16', '-233.00', 16, 2, ''),
(933, '2018-01-16', '-378.39', 64, 2, ''),
(934, '2018-01-20', '161.65', 34, 2, ''),
(935, '2018-01-20', '-313.00', 16, 2, ''),
(936, '2018-01-20', '-246.55', 64, 2, ''),
(937, '2018-01-20', '-179.45', 47, 2, ''),
(938, '2018-01-20', '-1885.21', 46, 2, ''),
(939, '2018-01-22', '14831.78', 5, 4, ''),
(940, '2018-01-23', '9702.88', 5, 2, ''),
(941, '2018-01-23', '1478.09', 5, 2, ''),
(942, '2018-01-22', '-500.00', 3, 4, 'примерно'),
(943, '2018-01-25', '-50.00', 98, 2, ''),
(944, '2018-01-25', '-807.89', 94, 2, ''),
(945, '2018-01-25', '-100.00', 58, 2, ''),
(946, '2018-01-25', '-500.00', 20, 2, ''),
(947, '2018-01-26', '526.09', 50, 2, ''),
(948, '2018-01-28', '-514.85', 17, 2, ''),
(949, '2018-01-29', '-382.53', 81, 2, ''),
(950, '2018-01-31', '-561.27', 17, 2, ''),
(951, '2018-02-01', '-100.00', 58, 2, ''),
(952, '2018-02-03', '-496.69', 22, 2, ''),
(953, '2018-02-03', '-323.26', 82, 2, ''),
(954, '2018-02-02', '-1000.00', 3, 4, 'примерно'),
(955, '2018-02-05', '-100.00', 58, 2, ''),
(956, '2018-02-06', '-30.00', 27, 2, ''),
(957, '2018-02-07', '-246.49', 22, 2, ''),
(958, '2018-02-11', '-316.39', 96, 2, ''),
(959, '2018-02-10', '-357.50', 22, 2, ''),
(960, '2018-02-13', '-460.20', 22, 2, ''),
(961, '2018-02-13', '-100.00', 58, 2, ''),
(962, '2018-02-16', '-1233.28', 17, 2, ''),
(963, '2018-02-16', '-100.00', 58, 2, ''),
(964, '2018-02-16', '-281.40', 83, 2, ''),
(965, '2018-02-19', '-472.27', 22, 2, ''),
(966, '2018-02-19', '-1867.33', 46, 2, ''),
(967, '2018-02-19', '-162.12', 47, 2, ''),
(968, '2018-02-20', '14831.78', 5, 4, ''),
(969, '2018-01-31', '-14000.00', 2, 4, ''),
(970, '2018-02-20', '-10000.00', 2, 4, 'сапоги и тд'),
(971, '2018-02-20', '-1842.12', 3, 4, 'примерно'),
(972, '2018-02-21', '-100.00', 58, 2, ''),
(973, '2018-02-22', '-641.10', 22, 2, ''),
(974, '2018-02-22', '9702.88', 5, 2, ''),
(975, '2018-02-22', '1515.05', 5, 2, ''),
(976, '2018-02-22', '-4000.00', 2, 4, ''),
(977, '2018-02-25', '-807.89', 94, 2, ''),
(978, '2018-02-25', '-500.00', 97, 2, ''),
(979, '2018-02-25', '-50.00', 98, 2, ''),
(980, '2018-02-25', '-756.10', 22, 2, ''),
(981, '2018-02-25', '-100.00', 58, 2, ''),
(982, '2018-02-23', '1000.00', 1, 1, 'Доминика'),
(983, '2018-02-28', '548.28', 50, 2, ''),
(984, '2018-03-01', '-17542.60', 68, 3, ''),
(985, '2018-03-01', '16987.96', 24, 2, ''),
(986, '2018-03-01', '-629.90', 22, 2, ''),
(987, '2018-03-02', '-327.49', 81, 2, ''),
(988, '2018-03-01', '-898.00', 84, 2, 'micro SD, обрезать сим карту'),
(989, '2018-03-02', '-100.00', 58, 2, ''),
(990, '2018-03-05', '-577.92', 22, 2, ''),
(991, '2018-03-06', '-100.00', 58, 2, ''),
(992, '2018-03-06', '-30.00', 27, 2, ''),
(993, '2018-03-08', '-575.00', 22, 2, ''),
(994, '2018-03-07', '-1000.00', 3, 4, ''),
(995, '2018-03-10', '-100.00', 58, 2, ''),
(996, '2018-03-11', '-611.80', 22, 2, ''),
(997, '2018-03-14', '-100.00', 58, 2, ''),
(998, '2018-03-18', '-100.00', 58, 2, ''),
(999, '2018-03-18', '-475.40', 22, 2, ''),
(1000, '2018-03-21', '-373.20', 22, 2, ''),
(1001, '2018-03-22', '14831.78', 5, 4, ''),
(1002, '2018-03-22', '-2617.23', 2, 4, 'примерно'),
(1003, '2018-03-22', '-163.91', 47, 2, ''),
(1004, '2018-03-22', '-1879.12', 46, 2, ''),
(1005, '2018-03-23', '-200.00', 21, 2, ''),
(1006, '2018-03-23', '-100.00', 21, 2, ''),
(1007, '2018-03-23', '-100.00', 21, 2, ''),
(1008, '2018-03-23', '9702.88', 5, 2, ''),
(1009, '2018-03-23', '1515.05', 5, 2, ''),
(1010, '2018-03-24', '-665.20', 22, 2, ''),
(1011, '2018-03-25', '-500.00', 97, 2, ''),
(1012, '2018-03-25', '-50.00', 98, 2, ''),
(1013, '2018-03-25', '-88.81', 94, 2, ''),
(1014, '2018-03-25', '-323.26', 82, 2, ''),
(1015, '2018-03-25', '-344.00', 90, 2, ''),
(1016, '2018-03-25', '-1000.00', 3, 4, ''),
(1017, '2018-03-27', '-419.40', 22, 2, ''),
(1018, '2018-03-27', '-225.00', 40, 2, ''),
(1019, '2018-03-27', '534.52', 50, 2, ''),
(1020, '2018-03-27', '-1000.00', 3, 4, ''),
(1021, '2018-03-30', '-337.40', 22, 2, ''),
(1022, '2018-03-30', '-200.00', 58, 2, ''),
(1023, '2018-04-02', '-595.40', 22, 2, ''),
(1024, '2018-03-31', '-2000.00', 1, 4, 'Давид'),
(1025, '2018-04-06', '-30.00', 27, 2, ''),
(1026, '2018-04-06', '-502.60', 22, 2, ''),
(1027, '2018-04-09', '-423.00', 22, 2, ''),
(1028, '2018-04-09', '-807.89', 94, 2, ''),
(1029, '2018-04-12', '-415.80', 17, 2, ''),
(1030, '2018-04-15', '-200.00', 58, 2, ''),
(1031, '2018-04-15', '-616.20', 22, 2, ''),
(1032, '2018-04-18', '-459.60', 22, 2, ''),
(1033, '2018-04-20', '261.46', 34, 2, ''),
(1034, '2018-04-21', '14831.78', 5, 4, ''),
(1035, '2018-04-20', '-500.00', 3, 4, ''),
(1036, '2018-04-21', '-878.21', 22, 2, ''),
(1037, '2018-04-21', '-1100.00', 3, 4, ''),
(1038, '2018-04-23', '-200.00', 58, 2, ''),
(1039, '2018-04-23', '9702.88', 5, 2, ''),
(1040, '2018-04-23', '1515.05', 5, 2, ''),
(1041, '2018-04-24', '-415.75', 85, 2, ''),
(1042, '2018-04-24', '-1913.06', 46, 2, ''),
(1043, '2018-04-24', '-162.23', 47, 2, ''),
(1044, '2018-04-25', '-500.00', 97, 2, ''),
(1045, '2018-04-25', '-50.00', 98, 2, ''),
(1046, '2018-04-25', '-500.00', 3, 4, ''),
(1047, '2018-04-25', '81924.30', 43, 2, ''),
(1048, '2018-04-25', '-100000.00', 44, 2, ''),
(1049, '2018-04-27', '538.65', 50, 2, ''),
(1050, '2018-04-27', '-523.86', 22, 2, ''),
(1051, '2018-04-27', '-360.51', 81, 2, ''),
(1052, '2018-04-29', '-5000.00', 1, 4, 'Давид обувь'),
(1053, '2018-04-30', '-577.90', 22, 2, ''),
(1054, '2018-04-30', '-186.00', 56, 2, ''),
(1055, '2018-04-30', '-323.26', 82, 2, ''),
(1056, '2018-05-01', '-100.00', 1, 4, 'Доминика батут'),
(1057, '2018-05-03', '-427.68', 22, 2, ''),
(1058, '2018-05-05', '-30.00', 27, 2, ''),
(1059, '2018-05-06', '-780.69', 88, 2, ''),
(1060, '2018-05-07', '-2448.00', 86, 2, 'клава мышь'),
(1061, '2018-05-07', '-415.80', 23, 2, ''),
(1062, '2018-05-07', '-30.00', 7, 1, ''),
(1063, '2018-05-10', '-423.72', 22, 2, ''),
(1064, '2018-05-14', '-150.00', 3, 4, ''),
(1065, '2018-05-15', '-650.00', 3, 4, ''),
(1066, '2018-05-15', '-1548.00', 9, 4, 'водосчётчик 1'),
(1067, '2018-05-20', '-1000.00', 3, 4, ''),
(1068, '2018-05-20', '-155.08', 47, 2, ''),
(1069, '2018-05-20', '-3352.19', 46, 2, ''),
(1070, '2018-05-17', '-1548.00', 9, 4, 'водосчётчик 2'),
(1071, '2018-05-21', '-500.00', 3, 4, ''),
(1072, '2018-05-21', '-11000.00', 2, 4, 'туда сюда'),
(1073, '2018-05-22', '14831.78', 5, 4, ''),
(1074, '2018-05-22', '-15000.00', 2, 4, 'на обряд'),
(1075, '2018-05-22', '-500.00', 3, 4, ''),
(1076, '2018-05-23', '-200.00', 58, 2, ''),
(1077, '2018-05-23', '9702.88', 5, 2, ''),
(1078, '2018-05-23', '1515.05', 5, 2, ''),
(1079, '2018-05-25', '-500.00', 97, 2, ''),
(1080, '2018-05-25', '-50.00', 98, 2, ''),
(1081, '2018-05-25', '594.73', 50, 2, ''),
(1082, '2018-05-26', '-2000.00', 3, 4, 'примерно'),
(1083, '2018-05-28', '-299.97', 90, 2, ''),
(1084, '2018-05-28', '-323.26', 82, 2, ''),
(1085, '2018-05-28', '-786.27', 88, 2, ''),
(1086, '2018-05-31', '-380.55', 17, 2, ''),
(1087, '2018-06-03', '-349.55', 17, 2, ''),
(1088, '2018-06-05', '-30.00', 27, 2, ''),
(1089, '2018-06-06', '-544.52', 17, 2, ''),
(1090, '2018-06-05', '-600.00', 3, 4, ''),
(1091, '2018-06-10', '-366.64', 17, 2, ''),
(1092, '2018-06-12', '-328.20', 22, 2, ''),
(1093, '2018-06-14', '-300.00', 3, 4, ''),
(1094, '2018-06-15', '-325.50', 22, 2, ''),
(1095, '2018-06-19', '-321.30', 22, 2, ''),
(1096, '2018-06-20', '-185.03', 47, 2, ''),
(1097, '2018-06-20', '-2037.41', 46, 2, ''),
(1098, '2018-06-22', '-556.63', 17, 2, ''),
(1099, '2018-06-22', '14831.78', 5, 4, ''),
(1100, '2018-06-22', '-1000.00', 3, 4, 'примерно'),
(1101, '2018-06-22', '9702.88', 5, 2, ''),
(1102, '2018-06-22', '1515.05', 5, 2, ''),
(1103, '2018-06-23', '-200.00', 58, 2, ''),
(1104, '2018-06-25', '-500.00', 97, 2, ''),
(1105, '2018-06-25', '-50.00', 98, 2, ''),
(1106, '2018-06-25', '-786.27', 88, 2, ''),
(1107, '2018-06-26', '579.59', 50, 2, ''),
(1108, '2018-06-27', '-495.90', 22, 2, ''),
(1109, '2018-06-29', '-1500.00', 3, 4, 'примерно'),
(1110, '2018-06-30', '-565.20', 22, 2, ''),
(1111, '2018-06-30', '-319.23', 81, 2, ''),
(1112, '2018-06-30', '-316.39', 89, 2, ''),
(1113, '2018-07-04', '-1000.00', 3, 4, 'примерно'),
(1114, '2018-07-05', '-231.10', 22, 2, ''),
(1115, '2018-07-05', '-350.00', 87, 2, 'тапки'),
(1116, '2018-07-06', '-30.00', 27, 2, ''),
(1117, '2018-07-11', '-1000.00', 3, 4, 'примерно'),
(1118, '2018-07-13', '-437.50', 22, 2, ''),
(1119, '2018-07-18', '-265.26', 23, 2, ''),
(1120, '2018-07-18', '-33.00', 35, 2, ''),
(1121, '2018-07-16', '-442.63', 17, 2, ''),
(1122, '2018-07-19', '-500.00', 3, 4, 'примерно'),
(1123, '2018-07-20', '-558.08', 17, 2, ''),
(1124, '2018-07-20', '-155.40', 83, 2, ''),
(1125, '2018-07-20', '244.32', 34, 2, ''),
(1126, '2018-07-21', '14831.78', 5, 4, ''),
(1127, '2018-07-21', '-15000.00', 2, 4, 'обряд'),
(1128, '2018-07-21', '-3300.00', 3, 4, 'примерно'),
(1129, '2018-07-23', '-200.00', 58, 2, ''),
(1130, '2018-07-23', '1515.05', 5, 2, ''),
(1131, '2018-07-23', '9702.88', 5, 2, ''),
(1132, '2018-07-25', '-50.00', 98, 2, ''),
(1133, '2018-07-25', '-500.00', 97, 2, ''),
(1134, '2018-07-25', '-2133.50', 46, 2, ''),
(1135, '2018-07-25', '-205.87', 47, 2, ''),
(1136, '2018-07-25', '-786.27', 88, 2, ''),
(1137, '2018-07-25', '-316.39', 89, 2, ''),
(1138, '2018-07-27', '-199.00', 84, 2, 'наушники'),
(1139, '2018-07-27', '-533.40', 22, 2, ''),
(1140, '2018-07-27', '-360.51', 90, 2, ''),
(1141, '2018-07-28', '-375.76', 17, 2, ''),
(1142, '2018-07-28', '-345.10', 83, 2, ''),
(1143, '2018-07-30', '584.41', 50, 2, ''),
(1144, '2018-07-31', '-330.90', 22, 2, ''),
(1145, '2018-08-02', '-578.65', 17, 2, ''),
(1146, '2018-08-04', '-450.30', 22, 2, ''),
(1147, '2018-08-06', '-30.00', 27, 2, ''),
(1148, '2018-08-08', '-368.00', 22, 2, ''),
(1149, '2018-08-11', '-614.40', 22, 2, ''),
(1150, '2018-08-13', '-187.00', 38, 2, 'шипы на костыль'),
(1151, '2018-08-13', '-395.90', 23, 2, ''),
(1152, '2018-08-17', '-519.60', 17, 2, ''),
(1153, '2018-08-18', '14831.78', 5, 4, ''),
(1154, '2018-06-22', '454.00', 5, 4, ''),
(1155, '2018-08-18', '942.59', 5, 4, ''),
(1156, '2018-07-21', '454.00', 5, 4, ''),
(1157, '2018-07-21', '914.00', 5, 4, ''),
(1158, '2018-08-18', '454.00', 5, 4, ''),
(1159, '2018-06-22', '931.20', 5, 4, ''),
(1160, '2018-05-22', '454.00', 5, 4, ''),
(1161, '2018-05-22', '911.00', 5, 4, ''),
(1162, '2018-04-21', '454.00', 5, 4, ''),
(1163, '2018-04-21', '900.00', 5, 4, ''),
(1164, '2018-03-22', '454.00', 5, 4, ''),
(1165, '2018-03-22', '931.40', 5, 4, ''),
(1166, '2018-02-20', '480.00', 5, 4, ''),
(1167, '2018-02-20', '871.85', 5, 4, ''),
(1168, '2018-01-22', '428.00', 5, 4, ''),
(1169, '2018-01-22', '895.71', 5, 4, ''),
(1170, '2018-08-20', '-332.09', 23, 2, ''),
(1171, '2018-08-20', '-186.61', 47, 2, ''),
(1172, '2018-08-20', '-1983.94', 46, 2, ''),
(1173, '2018-08-23', '-432.20', 22, 2, ''),
(1174, '2018-08-23', '9702.88', 5, 2, ''),
(1175, '2018-08-23', '1515.05', 5, 2, ''),
(1176, '2018-08-25', '-50.00', 98, 2, ''),
(1177, '2018-08-25', '-500.00', 97, 2, ''),
(1178, '2018-08-25', '-308.22', 90, 2, ''),
(1179, '2018-08-25', '-788.18', 88, 2, ''),
(1180, '2018-08-25', '-316.39', 89, 2, ''),
(1181, '2018-08-26', '-405.64', 17, 2, ''),
(1182, '2018-08-27', '607.92', 50, 2, ''),
(1183, '2018-08-29', '-239.40', 22, 2, ''),
(1184, '2018-09-01', '-427.60', 22, 2, ''),
(1185, '2018-09-03', '-354.51', 17, 2, ''),
(1186, '2018-09-05', '-2236.64', 3, 4, 'примерно'),
(1187, '2018-09-05', '-24000.00', 2, 4, 'мебель'),
(1188, '2018-09-06', '-30.00', 27, 2, ''),
(1189, '2018-09-07', '-485.90', 22, 2, ''),
(1190, '2018-09-09', '-311.00', 22, 2, ''),
(1191, '2018-09-15', '-302.81', 17, 2, ''),
(1192, '2018-09-17', '-599.20', 22, 2, ''),
(1193, '2018-09-19', '-374.80', 22, 2, ''),
(1194, '2018-09-19', '14831.78', 5, 4, ''),
(1195, '2018-09-19', '454.00', 5, 4, ''),
(1196, '2018-09-19', '998.24', 5, 4, ''),
(1197, '2018-09-19', '-624.00', 3, 4, ''),
(1198, '2018-09-20', '-200.00', 58, 2, ''),
(1199, '2018-09-20', '-163.44', 47, 2, ''),
(1200, '2018-09-20', '-1946.12', 46, 2, ''),
(1201, '2018-09-21', '-574.00', 3, 4, ''),
(1202, '2018-09-21', '1515.05', 5, 2, ''),
(1203, '2018-09-21', '9702.88', 5, 2, ''),
(1204, '2018-09-23', '-200.00', 58, 2, ''),
(1205, '2018-09-22', '-95.00', 13, 1, 'набор отвёрток 145 рублей'),
(1206, '2018-09-24', '-334.50', 22, 2, ''),
(1207, '2018-09-24', '107262.84', 12, 1, 'синхронизация'),
(1208, '2018-09-24', '-107262.84', 12, 4, 'синхронизация'),
(1209, '2018-09-25', '-500.00', 97, 2, ''),
(1210, '2018-09-25', '-50.00', 98, 2, ''),
(1211, '2018-09-26', '-788.18', 88, 2, ''),
(1212, '2018-09-26', '-316.39', 89, 2, ''),
(1213, '2018-09-26', '-385.28', 90, 2, ''),
(1214, '2018-09-26', '594.85', 50, 2, ''),
(1215, '2018-09-28', '-649.64', 17, 2, ''),
(1216, '2018-10-01', '-423.64', 22, 2, ''),
(1217, '2018-10-03', '-353.58', 23, 2, ''),
(1218, '2018-10-03', '-186.00', 99, 2, ''),
(1219, '2018-10-06', '-30.00', 27, 2, ''),
(1220, '2018-10-06', '-395.30', 17, 2, ''),
(1221, '2018-10-10', '-552.82', 22, 2, ''),
(1222, '2018-10-10', '-13.00', 56, 2, ''),
(1223, '2018-10-12', '-5000.00', 100, 2, ''),
(1224, '2018-10-12', '-299.73', 23, 2, ''),
(1225, '2018-10-12', '5000.00', 100, 1, ''),
(1226, '2018-10-12', '-5000.00', 8, 1, 'кредит'),
(1227, '2018-10-20', '308.08', 34, 2, ''),
(1228, '2018-10-21', '-132.57', 47, 2, ''),
(1229, '2018-10-21', '-2206.07', 46, 2, ''),
(1230, '2018-10-23', '-200.00', 21, 2, ''),
(1231, '2018-10-23', '9702.88', 5, 2, ''),
(1232, '2018-10-23', '1515.05', 5, 2, ''),
(1233, '2018-10-25', '-50.00', 98, 2, ''),
(1234, '2018-10-25', '-500.00', 97, 2, ''),
(1235, '2018-10-25', '-324.74', 90, 2, ''),
(1236, '2018-10-25', '-788.18', 88, 2, ''),
(1237, '2018-10-25', '-316.39', 89, 2, ''),
(1238, '2018-10-19', '14831.78', 5, 4, ''),
(1239, '2018-10-19', '454.00', 5, 4, ''),
(1240, '2018-10-19', '900.77', 5, 4, ''),
(1241, '2018-09-30', '-8000.00', 2, 4, ''),
(1242, '2018-09-30', '-10000.00', 2, 4, ''),
(1243, '2018-10-19', '-3000.00', 2, 4, 'мультипекарь'),
(1244, '2018-10-19', '-3000.00', 2, 4, 'ремонт стиралки'),
(1245, '2018-10-19', '-2000.00', 3, 4, ''),
(1246, '2018-10-19', '-1000.00', 1, 4, 'Милене'),
(1247, '2018-10-19', '-1000.00', 1, 4, 'Доминике'),
(1248, '2018-10-29', '614.11', 53, 2, ''),
(1249, '2018-10-29', '-318.98', 22, 2, ''),
(1250, '2018-10-29', '102743.85', 43, 2, ''),
(1251, '2018-10-29', '-120000.00', 44, 2, ''),
(1252, '2018-11-04', '-445.06', 17, 2, ''),
(1253, '2018-11-02', '-1000.00', 3, 4, ''),
(1254, '2018-11-06', '-30.00', 27, 2, ''),
(1255, '2018-11-08', '-508.40', 22, 2, ''),
(1256, '2018-11-07', '-130.00', 1, 1, ''),
(1257, '2018-11-07', '-1000.00', 3, 4, ''),
(1258, '2018-11-07', '-1262.57', 2, 4, 'неизвестно куда'),
(1259, '2018-11-10', '-289.90', 62, 2, ''),
(1260, '2018-11-12', '-481.31', 17, 2, ''),
(1261, '2018-11-15', '-516.00', 22, 2, ''),
(1262, '2018-11-19', '14831.78', 5, 4, ''),
(1263, '2018-11-19', '975.35', 5, 4, ''),
(1264, '2018-11-19', '454.00', 5, 4, ''),
(1265, '2018-11-19', '-5000.00', 2, 4, 'кредит'),
(1266, '2018-11-19', '-10000.00', 1, 4, 'Милене'),
(1267, '2018-11-19', '-1261.13', 3, 4, 'примерно'),
(1268, '2018-11-21', '-164.64', 47, 2, ''),
(1269, '2018-11-21', '-2058.92', 46, 2, ''),
(1270, '2018-11-22', '-368.50', 22, 2, ''),
(1271, '2018-11-23', '-250.00', 58, 2, ''),
(1272, '2018-11-23', '-200.00', 58, 2, ''),
(1273, '2018-11-23', '9702.88', 5, 2, ''),
(1274, '2018-11-23', '1515.05', 5, 2, ''),
(1275, '2018-11-25', '-100.00', 45, 2, ''),
(1276, '2018-11-25', '-500.00', 97, 2, ''),
(1277, '2018-11-25', '-50.00', 98, 2, ''),
(1278, '2018-11-25', '-788.34', 88, 2, ''),
(1279, '2018-11-25', '-316.39', 89, 2, ''),
(1280, '2018-11-25', '-349.50', 90, 2, ''),
(1281, '2018-11-28', '599.67', 53, 2, ''),
(1282, '2018-11-30', '-134.95', 22, 2, ''),
(1283, '2018-11-30', '-9.00', 56, 2, ''),
(1284, '2018-12-05', '-30.00', 27, 2, ''),
(1285, '2018-12-06', '-409.50', 22, 2, ''),
(1286, '2018-12-07', '-200.00', 58, 2, ''),
(1287, '2018-12-10', '-295.50', 22, 2, ''),
(1288, '2018-12-14', '-564.30', 22, 2, ''),
(1289, '2018-12-15', '-99.00', 101, 2, ''),
(1290, '2018-12-15', '-1744.00', 59, 2, ''),
(1291, '2018-12-15', '-312.00', 22, 2, ''),
(1292, '2018-12-19', '14831.78', 5, 4, ''),
(1293, '2018-12-19', '454.00', 5, 4, ''),
(1294, '2018-12-19', '951.27', 5, 4, ''),
(1295, '2018-12-19', '-5000.00', 8, 4, ''),
(1296, '2018-12-19', '-5000.00', 1, 4, 'Даниил'),
(1297, '2018-12-19', '-3237.05', 3, 4, 'примерно'),
(1298, '2018-12-19', '-2000.00', 2, 4, ''),
(1299, '2018-12-19', '-520.20', 22, 2, ''),
(1300, '2018-12-21', '-318.40', 22, 2, ''),
(1301, '2018-12-21', '-2020.44', 46, 2, ''),
(1302, '2018-12-21', '-160.94', 47, 2, ''),
(1303, '2018-12-21', '-335.74', 90, 2, ''),
(1304, '2018-12-21', '-788.34', 88, 2, ''),
(1305, '2018-12-21', '-316.39', 89, 2, ''),
(1306, '2018-12-21', '-10.00', 93, 2, ''),
(1307, '2018-12-23', '-200.00', 58, 2, ''),
(1308, '2018-12-21', '9702.88', 5, 2, ''),
(1309, '2018-12-21', '1515.05', 5, 2, ''),
(1310, '2018-12-24', '605.87', 53, 2, ''),
(1311, '2018-12-25', '-850.76', 103, 2, ''),
(1312, '2018-12-25', '-500.00', 97, 2, ''),
(1313, '2018-12-25', '-50.00', 52, 2, ''),
(1314, '2018-12-30', '-260.00', 35, 2, ''),
(1315, '2018-12-30', '-184.72', 23, 2, ''),
(1316, '2019-01-05', '-296.40', 22, 2, ''),
(1317, '2019-01-05', '-1407.00', 101, 2, ''),
(1318, '2019-01-05', '-30.00', 27, 2, ''),
(1319, '2019-01-09', '-750.00', 102, 1, 'зубной'),
(1320, '2019-01-09', '-440.50', 35, 2, ''),
(1321, '2019-01-10', '-337.80', 22, 2, ''),
(1322, '2019-01-10', '-188.00', 101, 2, ''),
(1323, '2019-01-15', '-493.13', 17, 2, ''),
(1324, '2019-01-19', '15878.02', 5, 4, ''),
(1325, '2019-01-19', '482.00', 5, 4, ''),
(1326, '2019-01-19', '935.96', 5, 4, ''),
(1327, '2019-01-19', '-15000.00', 8, 4, ''),
(1328, '2019-01-09', '-1000.00', 1, 4, 'зубной'),
(1329, '2019-01-09', '1000.00', 1, 1, 'зубной'),
(1330, '2019-01-20', '265.03', 34, 2, ''),
(1331, '2019-01-19', '-500.00', 1, 4, 'Доминика Милена'),
(1332, '2019-01-21', '-365.88', 17, 2, ''),
(1333, '2019-01-22', '-174.38', 47, 2, ''),
(1334, '2019-01-22', '-2008.80', 46, 2, ''),
(1335, '2019-01-23', '-200.00', 58, 2, ''),
(1336, '2019-01-23', '10387.22', 5, 2, ''),
(1337, '2019-01-23', '2590.24', 5, 2, ''),
(1338, '2019-01-24', '-1218.30', 62, 2, ''),
(1339, '2019-01-25', '-500.00', 97, 2, ''),
(1340, '2019-01-25', '-788.34', 88, 2, ''),
(1341, '2019-01-25', '-362.01', 89, 2, ''),
(1342, '2019-01-25', '-55.00', 93, 2, ''),
(1343, '2019-01-28', '601.74', 53, 2, ''),
(1344, '2019-01-29', '-525.27', 17, 2, ''),
(1345, '2019-01-29', '-388.03', 90, 2, ''),
(1346, '2019-01-29', '-1795.98', 3, 4, ''),
(1347, '2019-02-01', '-547.60', 22, 2, ''),
(1348, '2019-02-06', '-30.00', 27, 2, ''),
(1349, '2019-02-09', '-275.01', 22, 2, ''),
(1350, '2019-02-13', '-440.13', 22, 2, ''),
(1351, '2019-02-17', '-411.50', 29, 2, ''),
(1352, '2019-02-19', '15878.02', 5, 4, ''),
(1353, '2019-02-19', '482.00', 5, 4, ''),
(1354, '2019-02-19', '867.48', 5, 4, ''),
(1355, '2019-02-19', '-10000.00', 1, 4, 'Милена'),
(1356, '2019-02-22', '-137.42', 46, 2, ''),
(1357, '2019-02-22', '-203.53', 47, 2, ''),
(1358, '2019-02-22', '-520.66', 17, 2, ''),
(1359, '2019-02-22', '-358.09', 90, 2, ''),
(1360, '2019-02-22', '-788.46', 88, 2, ''),
(1361, '2019-02-22', '-362.01', 89, 2, ''),
(1362, '2019-02-22', '-55.00', 93, 2, ''),
(1363, '2019-02-22', '10387.22', 5, 2, ''),
(1364, '2019-02-22', '2701.62', 5, 2, ''),
(1365, '2019-02-24', '-150.00', 21, 2, ''),
(1366, '2019-02-27', '-1593.24', 22, 2, ''),
(1367, '2019-02-25', '-500.00', 97, 2, ''),
(1368, '2019-02-28', '555.16', 53, 2, ''),
(1369, '2019-03-03', '-300.00', 63, 2, 'тапки'),
(1370, '2019-03-03', '-245.00', 31, 2, ''),
(1371, '2019-03-06', '-30.00', 27, 2, ''),
(1372, '2019-03-06', '-623.43', 17, 2, ''),
(1373, '2019-03-12', '-370.37', 17, 2, ''),
(1374, '2019-03-16', '-313.14', 62, 2, ''),
(1375, '2019-03-19', '15878.02', 5, 4, ''),
(1376, '2019-03-19', '482.00', 5, 4, ''),
(1377, '2019-03-19', '940.33', 5, 4, ''),
(1378, '2019-03-19', '-5000.00', 1, 4, 'Давид'),
(1379, '2019-03-19', '-3000.00', 1, 4, 'Доминика'),
(1380, '2019-03-19', '-6500.00', 1, 4, ''),
(1381, '2019-02-19', '-500.00', 3, 4, ''),
(1382, '2019-03-21', '-946.00', 3, 4, ''),
(1383, '2019-03-22', '2701.62', 5, 2, ''),
(1384, '2019-03-22', '10387.22', 5, 2, ''),
(1385, '2019-03-13', '-500.00', 28, 2, ''),
(1386, '2019-03-22', '-1366.97', 46, 2, ''),
(1387, '2019-03-22', '-165.32', 47, 2, ''),
(1388, '2019-03-24', '-470.34', 23, 2, ''),
(1389, '2019-03-24', '-300.00', 105, 2, ''),
(1390, '2019-03-24', '-324.68', 90, 2, ''),
(1391, '2019-03-24', '-55.00', 93, 2, ''),
(1392, '2019-03-24', '-362.01', 89, 2, ''),
(1393, '2019-03-24', '-788.46', 88, 2, ''),
(1394, '2019-03-25', '-500.00', 97, 2, ''),
(1395, '2019-03-27', '-550.00', 3, 4, ''),
(1396, '2019-03-27', '-5000.00', 1, 4, 'Артур'),
(1397, '2019-03-26', '-1000.00', 1, 4, 'Доминика'),
(1398, '2019-03-28', '-582.06', 17, 2, ''),
(1399, '2019-03-28', '521.30', 53, 2, ''),
(1400, '2019-03-30', '-200.00', 28, 2, ''),
(1401, '2019-03-31', '-399.00', 22, 2, ''),
(1402, '2019-04-03', '-1000.00', 3, 4, 'примерно'),
(1403, '2019-04-06', '-30.00', 27, 2, ''),
(1404, '2019-04-06', '-35000.00', 106, 2, ''),
(1405, '2019-04-06', '-637.24', 17, 2, ''),
(1406, '2019-04-06', '35000.00', 12, 1, ''),
(1407, '2019-04-09', '-268.87', 23, 2, ''),
(1408, '2019-04-13', '-678.20', 22, 2, ''),
(1409, '2019-04-14', '-67.00', 41, 2, ''),
(1410, '2019-04-14', '-169.05', 29, 2, ''),
(1411, '2019-04-18', '-531.22', 17, 2, ''),
(1412, '2019-04-19', '15878.02', 5, 4, ''),
(1413, '2019-04-19', '482.00', 5, 4, ''),
(1414, '2019-04-19', '943.38', 5, 4, ''),
(1415, '2019-04-19', '-1000.00', 2, 4, 'примерно'),
(1416, '2019-04-20', '291.80', 34, 2, ''),
(1417, '2019-04-21', '-592.00', 22, 2, ''),
(1418, '2019-04-21', '-1000.00', 3, 4, 'примерно'),
(1419, '2019-04-23', '2701.62', 5, 2, ''),
(1420, '2019-04-23', '10387.22', 5, 2, ''),
(1421, '2019-04-24', '-310.14', 107, 2, ''),
(1422, '2019-04-24', '-178.60', 47, 2, ''),
(1423, '2019-04-24', '-380.66', 90, 2, ''),
(1424, '2019-04-24', '-788.46', 88, 2, ''),
(1425, '2019-04-24', '-362.01', 89, 2, ''),
(1426, '2019-04-24', '-55.00', 93, 2, ''),
(1427, '2019-04-24', '-1913.02', 91, 2, ''),
(1428, '2019-04-25', '-10.00', 105, 2, ''),
(1429, '2019-04-25', '-105.00', 105, 2, ''),
(1430, '2019-04-25', '-500.00', 97, 2, ''),
(1431, '2019-04-26', '582.53', 53, 2, ''),
(1432, '2019-04-26', '-500.00', 3, 4, 'примерно'),
(1433, '2019-04-27', '-1538.00', 101, 2, ''),
(1434, '2019-04-27', '-209.00', 31, 2, ''),
(1435, '2019-05-01', '-673.41', 22, 2, ''),
(1436, '2019-05-04', '-400.00', 3, 4, 'примерно'),
(1437, '2019-05-05', '-611.60', 22, 2, ''),
(1438, '2019-05-06', '-30.00', 27, 2, ''),
(1439, '2019-05-08', '-500.00', 3, 4, 'примерно'),
(1440, '2019-05-09', '-406.09', 17, 2, ''),
(1441, '2019-05-09', '-426.70', 83, 2, ''),
(1442, '2019-05-12', '-280.33', 23, 2, ''),
(1443, '2019-05-12', '-314.00', 25, 2, ''),
(1444, '2019-05-16', '-431.49', 17, 2, ''),
(1445, '2019-05-18', '15878.02', 5, 4, ''),
(1446, '2019-05-18', '482.00', 5, 4, ''),
(1447, '2019-05-18', '993.87', 5, 4, ''),
(1448, '2019-05-19', '-557.19', 22, 2, ''),
(1449, '2019-05-21', '-600.00', 3, 4, 'примерно'),
(1450, '2019-05-23', '-383.77', 23, 2, ''),
(1451, '2019-05-21', '-200.00', 28, 2, ''),
(1452, '2019-05-23', '2701.62', 5, 2, ''),
(1453, '2019-05-23', '10387.22', 5, 2, ''),
(1454, '2019-05-25', '-187.89', 47, 2, ''),
(1455, '2019-05-25', '-500.00', 97, 2, ''),
(1456, '2019-05-25', '-1902.59', 91, 2, ''),
(1457, '2019-05-25', '-362.01', 89, 2, ''),
(1458, '2019-05-25', '-55.00', 93, 2, ''),
(1459, '2019-05-25', '-788.46', 6, 2, ''),
(1460, '2019-05-25', '-210.00', 105, 2, ''),
(1461, '2019-05-25', '-220.00', 105, 2, ''),
(1462, '2019-05-26', '-324.00', 101, 2, ''),
(1463, '2019-05-26', '-551.20', 22, 2, ''),
(1464, '2019-05-29', '-446.65', 17, 2, ''),
(1465, '2019-05-29', '562.65', 53, 2, ''),
(1466, '2019-05-29', '-313.49', 90, 2, ''),
(1467, '2019-05-29', '124530.41', 43, 2, ''),
(1468, '2019-06-02', '-583.43', 17, 2, ''),
(1469, '2019-06-05', '-413.86', 23, 2, ''),
(1470, '2019-06-05', '-35000.00', 1, 1, 'ремонт Ешеевы'),
(1471, '2019-06-06', '-30.00', 27, 2, ''),
(1472, '2019-06-09', '-591.31', 22, 2, ''),
(1473, '2019-06-11', '-482.21', 17, 2, ''),
(1474, '2019-06-11', '-25000.00', 106, 2, ''),
(1475, '2019-06-11', '25000.00', 106, 1, ''),
(1476, '2019-06-15', '-628.05', 22, 2, ''),
(1477, '2019-05-31', '-1000.00', 3, 4, 'примерно'),
(1478, '2019-06-13', '-25000.00', 1, 1, 'ремонт Ешеевы'),
(1479, '2019-06-19', '15878.02', 5, 4, ''),
(1480, '2019-06-19', '482.00', 5, 4, ''),
(1481, '2019-06-19', '1000.13', 5, 4, ''),
(1482, '2019-06-19', '-15000.00', 2, 4, 'обряд'),
(1483, '2019-06-19', '-3500.00', 3, 4, ''),
(1484, '2019-06-19', '-5000.00', 1, 4, 'Милена'),
(1485, '2019-06-19', '-1000.00', 1, 4, 'Доминика'),
(1486, '2019-06-19', '-6000.00', 2, 4, 'исчезли'),
(1487, '2019-06-20', '-790.63', 17, 2, ''),
(1488, '2019-06-21', '10387.22', 5, 2, ''),
(1489, '2019-06-22', '2701.62', 5, 2, ''),
(1490, '2019-06-24', '-451.77', 23, 2, ''),
(1491, '2019-06-25', '-500.00', 97, 2, ''),
(1492, '2019-06-25', '-191.60', 47, 2, ''),
(1493, '2019-06-25', '-1935.94', 91, 2, ''),
(1494, '2019-06-25', '-788.46', 88, 2, ''),
(1495, '2019-06-25', '-362.01', 89, 2, ''),
(1496, '2019-06-25', '-55.00', 93, 2, ''),
(1497, '2019-06-25', '-220.00', 21, 2, ''),
(1498, '2019-06-26', '545.85', 53, 2, ''),
(1499, '2019-06-29', '-428.06', 17, 2, ''),
(1500, '2019-06-29', '-344.28', 90, 2, ''),
(1501, '2019-06-30', '-400.00', 3, 4, 'примерно'),
(1502, '2019-07-01', '-500.00', 3, 4, 'примерно'),
(1503, '2019-07-04', '-719.80', 22, 2, ''),
(1504, '2019-07-05', '-1459.00', 35, 2, ''),
(1505, '2019-07-05', '-398.94', 23, 2, ''),
(1506, '2019-07-06', '-30.00', 27, 2, ''),
(1507, '2019-07-08', '-15000.00', 1, 4, 'ремонт Ешеевы'),
(1508, '2019-07-08', '-1500.00', 3, 4, 'примерно'),
(1509, '2019-07-12', '-577.70', 22, 2, ''),
(1510, '2019-07-16', '-506.58', 17, 2, ''),
(1511, '2019-07-19', '15878.02', 5, 4, ''),
(1512, '2019-07-19', '482.00', 5, 4, ''),
(1513, '2019-07-19', '982.82', 5, 4, ''),
(1514, '2019-07-20', '689.50', 34, 2, ''),
(1515, '2019-07-22', '-200.00', 28, 2, ''),
(1516, '2019-07-23', '10387.22', 5, 2, ''),
(1517, '2019-07-23', '2701.62', 5, 2, ''),
(1518, '2019-07-25', '-500.00', 97, 2, ''),
(1519, '2019-07-25', '-167.59', 47, 2, ''),
(1520, '2019-07-25', '-1776.14', 91, 2, ''),
(1521, '2019-07-25', '-788.46', 88, 2, ''),
(1522, '2019-07-25', '-362.01', 89, 2, ''),
(1523, '2019-07-25', '-55.00', 93, 2, ''),
(1524, '2019-07-25', '-493.20', 62, 2, ''),
(1525, '2019-07-25', '-355.47', 90, 2, ''),
(1526, '2019-07-26', '553.55', 53, 2, ''),
(1527, '2019-07-31', '-685.50', 22, 2, ''),
(1528, '2019-07-31', '-3000.00', 3, 4, 'примерно'),
(1529, '2019-07-31', '-1850.00', 2, 4, 'ремонт плитки'),
(1530, '2019-07-31', '-10000.00', 2, 4, 'обои 7000+7500 работа'),
(1531, '2019-08-05', '-812.30', 22, 2, ''),
(1532, '2019-08-06', '-30.00', 27, 2, ''),
(1533, '2019-08-03', '-2500.00', 3, 4, 'примерно'),
(1534, '2019-08-07', '-694.63', 17, 2, ''),
(1535, '2019-08-08', '-699.30', 22, 2, ''),
(1536, '2019-08-11', '-2.98', 90, 2, ''),
(1537, '2019-08-14', '-508.49', 17, 2, ''),
(1538, '2019-08-17', '-539.60', 23, 2, ''),
(1539, '2019-08-19', '15878.02', 5, 4, ''),
(1540, '2019-08-19', '1008.88', 5, 4, ''),
(1541, '2019-08-19', '482.00', 5, 4, ''),
(1542, '2019-08-20', '-393.61', 47, 2, ''),
(1543, '2019-08-20', '-2014.25', 91, 2, ''),
(1544, '2019-08-20', '-388.00', 25, 2, ''),
(1545, '2019-08-19', '-8000.00', 1, 4, 'Милена и тп'),
(1546, '2019-08-19', '-500.00', 3, 4, 'примерно'),
(1547, '2019-08-19', '-900.00', 2, 4, 'штаны'),
(1548, '2019-08-23', '10387.22', 5, 2, ''),
(1549, '2019-08-23', '2701.62', 5, 2, ''),
(1550, '2019-08-24', '-40000.00', 61, 2, ''),
(1551, '2019-08-24', '40000.00', 61, 1, ''),
(1552, '2019-08-24', '-532.10', 22, 2, ''),
(1553, '2019-08-24', '-500.00', 3, 4, 'примерно'),
(1554, '2019-08-25', '-500.00', 97, 2, ''),
(1555, '2019-08-25', '-210.00', 105, 2, ''),
(1556, '2019-08-25', '-10000.00', 2, 1, 'двери'),
(1557, '2019-08-25', '-788.93', 88, 2, ''),
(1558, '2019-08-25', '-362.01', 89, 2, ''),
(1559, '2019-08-25', '-55.00', 93, 2, ''),
(1560, '2019-08-26', '557.45', 53, 2, ''),
(1561, '2019-08-26', '-16000.00', 2, 1, 'сантехника в ванную'),
(1562, '2019-08-27', '-3500.00', 2, 1, 'двери работа'),
(1563, '2019-08-28', '-273.30', 22, 2, ''),
(1564, '2019-08-28', '-660.00', 101, 2, 'держатель для туалетной бумаги'),
(1565, '2019-08-29', '-427.03', 90, 2, ''),
(1566, '2019-08-29', '-3000.00', 2, 1, 'сантехника работа'),
(1567, '2019-08-30', '-2500.00', 2, 1, 'пол'),
(1568, '2019-08-31', '-24.00', 108, 2, ''),
(1569, '2019-08-31', '-387.50', 25, 2, ''),
(1570, '2019-09-01', '-5000.00', 2, 1, 'ванная'),
(1571, '2019-09-01', '-5000.00', 2, 4, 'куда то там'),
(1572, '2019-09-01', '-2000.00', 3, 4, 'примерно'),
(1573, '2019-09-05', '-558.00', 17, 2, ''),
(1574, '2019-09-06', '-30.00', 27, 2, ''),
(1575, '2019-09-06', '-500.00', 3, 4, 'примерно'),
(1576, '2019-09-08', '-417.40', 22, 2, ''),
(1577, '2019-09-10', '-200.00', 28, 2, ''),
(1578, '2019-09-11', '-590.34', 17, 2, ''),
(1579, '2019-09-15', '-400.50', 22, 2, ''),
(1580, '2019-09-15', '-151.00', 101, 2, ''),
(1581, '2019-09-19', '15878.02', 5, 4, ''),
(1582, '2019-09-19', '482.00', 5, 4, ''),
(1583, '2019-09-19', '991.05', 5, 4, ''),
(1584, '2019-09-21', '-521.00', 25, 2, ''),
(1585, '2019-09-23', '10387.22', 5, 2, ''),
(1586, '2019-09-23', '2701.62', 5, 2, ''),
(1587, '2019-09-24', '-288.91', 23, 2, ''),
(1588, '2019-09-25', '-273.74', 47, 2, ''),
(1589, '2019-09-25', '-500.00', 97, 2, ''),
(1590, '2019-09-25', '-2013.01', 91, 2, ''),
(1591, '2019-09-25', '-362.01', 89, 2, ''),
(1592, '2019-09-25', '-788.93', 88, 2, ''),
(1593, '2019-09-25', '-55.00', 93, 2, ''),
(1594, '2019-09-25', '-90000.00', 44, 2, ''),
(1595, '2019-09-25', '-220.00', 21, 2, ''),
(1596, '2019-09-27', '618.21', 53, 2, ''),
(1597, '2019-09-27', '-410.06', 81, 2, ''),
(1598, '2019-09-28', '-392.00', 22, 2, ''),
(1599, '2019-09-30', '-2000.00', 3, 4, 'примерно'),
(1600, '2019-10-03', '-400.00', 17, 2, ''),
(1601, '2019-10-05', '-30.00', 27, 2, ''),
(1602, '2019-10-08', '-711.00', 22, 2, ''),
(1603, '2019-10-10', '-312.00', 105, 2, ''),
(1604, '2019-10-10', '-250.00', 105, 2, ''),
(1605, '2019-10-13', '-637.93', 23, 2, ''),
(1606, '2019-10-11', '-2000.00', 3, 4, 'примерно'),
(1607, '2019-10-16', '90000.52', 43, 2, ''),
(1608, '2019-10-16', '-12000.00', 61, 2, ''),
(1609, '2019-10-16', '12000.00', 61, 1, ''),
(1610, '2019-10-16', '-12000.00', 2, 1, 'Доминика телефон'),
(1611, '2019-10-16', '-619.20', 17, 2, ''),
(1612, '2019-10-19', '15878.02', 5, 4, ''),
(1613, '2019-10-19', '482.00', 5, 4, ''),
(1614, '2019-10-19', '1096.20', 5, 4, ''),
(1615, '2019-10-19', '-2000.00', 3, 4, 'примерно'),
(1616, '2019-10-19', '-27918.32', 1, 4, 'ушло куда то'),
(1617, '2019-10-20', '-556.10', 22, 2, ''),
(1618, '2019-10-20', '766.24', 34, 2, ''),
(1619, '2019-10-23', '10387.22', 5, 2, ''),
(1620, '2019-10-23', '2701.62', 5, 2, ''),
(1621, '2019-10-23', '-50000.00', 1, 2, 'с карты на карту Сергею на гараж'),
(1622, '2019-10-24', '-1000.00', 3, 4, 'примерно'),
(1623, '2019-10-25', '-500.00', 97, 2, ''),
(1624, '2019-10-26', '-232.78', 47, 2, ''),
(1625, '2019-10-26', '-1965.60', 91, 2, ''),
(1626, '2019-10-26', '-788.93', 88, 2, ''),
(1627, '2019-10-26', '-362.01', 89, 2, ''),
(1628, '2019-10-26', '-55.00', 93, 2, ''),
(1629, '2019-10-26', '-522.10', 22, 2, ''),
(1630, '2019-10-29', '570.18', 53, 2, ''),
(1631, '2019-10-29', '-310.90', 23, 2, ''),
(1632, '2019-10-29', '-66.00', 35, 2, ''),
(1633, '2019-10-29', '-345.02', 81, 2, ''),
(1634, '2019-11-03', '-498.30', 22, 2, ''),
(1635, '2019-11-06', '-30.00', 27, 2, ''),
(1636, '2019-11-08', '-330.00', 105, 2, ''),
(1637, '2019-11-09', '-367.71', 23, 2, ''),
(1638, '2019-11-13', '-610.60', 22, 2, ''),
(1639, '2019-11-16', '-516.38', 23, 2, ''),
(1640, '2019-11-16', '15000.00', 1, 2, 'Сергей'),
(1641, '2019-11-19', '15878.02', 5, 4, ''),
(1642, '2019-11-19', '482.00', 5, 4, ''),
(1643, '2019-11-19', '1067.76', 5, 4, ''),
(1644, '2019-11-19', '-14000.00', 1, 4, 'Милена Доминика'),
(1645, '2019-11-20', '-499.00', 51, 2, 'Kingston 16GB DT50'),
(1646, '2019-11-20', '-1299.00', 109, 2, 'ботинки зимние'),
(1647, '2019-11-22', '2701.62', 5, 2, ''),
(1648, '2019-11-22', '10387.22', 5, 2, ''),
(1649, '2019-11-23', '-587.67', 23, 2, ''),
(1650, '2019-11-23', '-400.00', 3, 4, 'примерно'),
(1651, '2019-11-24', '-1162.90', 35, 2, ''),
(1652, '2019-11-25', '-500.00', 97, 2, ''),
(1653, '2019-11-27', '-218.66', 47, 2, ''),
(1654, '2019-11-27', '-1970.66', 91, 2, ''),
(1655, '2019-11-27', '-367.64', 90, 2, ''),
(1656, '2019-11-27', '-788.93', 88, 2, ''),
(1657, '2019-11-27', '-362.01', 89, 2, ''),
(1658, '2019-11-27', '-55.00', 93, 2, ''),
(1659, '2019-11-27', '-50000.00', 44, 2, ''),
(1660, '2019-11-28', '615.42', 53, 2, ''),
(1661, '2019-11-29', '-314.63', 17, 2, ''),
(1662, '2019-12-02', '-1000.00', 3, 4, 'примерно'),
(1663, '2019-12-03', '-356.06', 22, 2, ''),
(1664, '2019-12-06', '-30.00', 27, 2, ''),
(1665, '2019-12-07', '-308.66', 23, 2, ''),
(1666, '2019-12-09', '-100.00', 105, 2, ''),
(1667, '2019-12-13', '-472.40', 22, 2, ''),
(1668, '2019-12-17', '-430.65', 23, 2, ''),
(1669, '2019-12-17', '-200.00', 28, 2, ''),
(1670, '2019-12-17', '-150.00', 52, 1, 'батарейки'),
(1671, '2019-12-18', '-10.00', 21, 2, ''),
(1672, '2019-12-18', '-140.00', 21, 2, ''),
(1673, '2019-12-19', '15878.02', 5, 4, ''),
(1674, '2019-12-19', '482.00', 5, 4, ''),
(1675, '2019-12-19', '1126.07', 5, 4, ''),
(1676, '2019-12-19', '20000.00', 1, 4, 'Сергей'),
(1677, '2019-12-19', '-37000.00', 1, 4, 'Артур'),
(1678, '2019-12-19', '50000.30', 43, 2, ''),
(1679, '2019-12-19', '-8000.00', 1, 2, 'Таня'),
(1680, '2019-12-19', '-40000.00', 44, 2, ''),
(1681, '2019-12-20', '-213.47', 47, 2, ''),
(1682, '2019-12-20', '-1841.20', 91, 2, ''),
(1683, '2019-12-21', '-408.50', 22, 2, ''),
(1684, '2019-12-23', '2701.62', 5, 2, ''),
(1685, '2019-12-23', '10387.22', 5, 2, ''),
(1686, '2019-12-25', '-314.42', 29, 2, ''),
(1687, '2019-12-25', '-500.00', 97, 2, ''),
(1688, '2019-12-25', '-788.93', 88, 2, ''),
(1689, '2019-12-25', '-362.01', 89, 2, ''),
(1690, '2019-12-25', '564.13', 53, 2, ''),
(1691, '2019-12-26', '-356.33', 81, 2, ''),
(1692, '2019-12-25', '-55.00', 98, 2, ''),
(1693, '2019-12-31', '-2000.00', 3, 4, 'примерно'),
(1694, '2020-01-02', '1000.00', 1, 1, 'Ешеевы'),
(1695, '2020-01-04', '-455.57', 23, 2, ''),
(1696, '2020-01-04', '-195.00', 99, 2, ''),
(1697, '2020-01-04', '-500.00', 3, 4, 'примерно'),
(1698, '2020-01-06', '-30.00', 27, 2, ''),
(1699, '2020-01-07', '-330.00', 95, 2, 'tele2'),
(1700, '2020-01-08', '-329.04', 22, 2, ''),
(1701, '2020-01-12', '-461.44', 23, 2, ''),
(1702, '2020-01-17', '-539.60', 22, 2, ''),
(1703, '2020-01-17', '-146.00', 56, 2, ''),
(1704, '2020-01-18', '16926.23', 5, 4, ''),
(1705, '2020-01-18', '482.00', 5, 4, ''),
(1706, '2020-01-18', '904.99', 5, 4, ''),
(1707, '2020-01-17', '15000.00', 1, 4, 'Сергей'),
(1708, '2020-01-20', '264.83', 34, 2, ''),
(1709, '2020-01-20', '-354.91', 23, 2, ''),
(1710, '2020-01-20', '-15000.00', 1, 4, 'Артур за мясо'),
(1711, '2020-01-21', '-15000.00', 1, 4, 'Люда подарки'),
(1712, '2020-01-22', '-223.02', 47, 2, ''),
(1713, '2020-01-22', '-1840.33', 46, 2, ''),
(1714, '2020-01-23', '2701.62', 5, 2, ''),
(1715, '2020-01-23', '11072.90', 5, 2, ''),
(1716, '2020-01-25', '-788.93', 94, 2, ''),
(1717, '2020-01-25', '-500.00', 97, 2, ''),
(1718, '2020-01-25', '-55.00', 98, 2, ''),
(1719, '2020-01-25', '-500.00', 3, 4, 'примерно'),
(1720, '2020-01-28', '-384.61', 81, 2, ''),
(1721, '2020-01-28', '-392.09', 110, 2, ''),
(1722, '2020-01-29', '561.30', 53, 2, ''),
(1723, '2020-01-29', '-623.10', 22, 2, ''),
(1724, '2020-02-01', '-100.00', 111, 2, ''),
(1725, '2020-02-02', '-200.00', 28, 2, ''),
(1726, '2020-02-04', '-382.16', 17, 2, ''),
(1727, '2020-02-05', '-30.00', 27, 2, ''),
(1728, '2020-02-09', '-200.00', 28, 2, ''),
(1729, '2020-02-09', '-385.78', 23, 2, ''),
(1730, '2020-02-14', '-688.47', 22, 2, ''),
(1731, '2020-02-19', '16926.23', 5, 4, ''),
(1732, '2020-02-19', '482.00', 5, 4, ''),
(1733, '2020-02-19', '971.07', 5, 4, ''),
(1734, '2020-02-19', '-2500.00', 3, 4, 'неизвестно'),
(1735, '2020-02-19', '-5.00', 4, 1, 'неизвестно'),
(1736, '2020-02-20', '-239.66', 47, 2, ''),
(1737, '2020-02-20', '-364.81', 90, 2, ''),
(1738, '2020-02-20', '-458.85', 23, 2, ''),
(1739, '2020-02-20', '-1859.12', 46, 2, ''),
(1740, '2020-02-21', '2782.67', 5, 2, ''),
(1741, '2020-02-21', '11072.90', 5, 2, ''),
(1742, '2020-02-24', '-513.00', 22, 2, ''),
(1743, '2020-02-25', '-55.00', 98, 2, ''),
(1744, '2020-02-25', '-788.93', 94, 2, ''),
(1745, '2020-02-25', '-500.00', 97, 2, ''),
(1746, '2020-02-26', '-392.09', 110, 2, ''),
(1747, '2020-02-28', '-59.00', 35, 2, ''),
(1748, '2020-02-28', '568.37', 53, 2, ''),
(1749, '2020-02-28', '-451.60', 23, 2, ''),
(1750, '2020-03-03', '-539.09', 22, 2, ''),
(1751, '2020-03-04', '-200.00', 111, 2, ''),
(1752, '2020-03-05', '-30.00', 27, 2, ''),
(1753, '2020-03-16', '-571.59', 22, 2, ''),
(1754, '2020-03-19', '16926.23', 5, 4, ''),
(1755, '2020-03-19', '482.00', 5, 4, ''),
(1756, '2020-03-19', '1036.39', 5, 4, ''),
(1757, '2020-03-19', '-22000.00', 1, 4, 'Артур'),
(1758, '2020-03-19', '-10000.00', 1, 4, 'Доминика одежда'),
(1759, '2020-03-19', '-3000.00', 3, 4, 'примерно'),
(1760, '2020-03-20', '-413.82', 23, 2, ''),
(1761, '2020-03-20', '-233.58', 47, 2, ''),
(1762, '2020-03-20', '-2291.64', 46, 2, ''),
(1763, '2020-03-20', '-90.40', 46, 2, ''),
(1764, '2020-03-20', '-1500.00', 3, 4, 'примерно'),
(1765, '2020-03-23', '2782.67', 5, 2, ''),
(1766, '2020-03-23', '11072.90', 5, 2, ''),
(1767, '2020-03-25', '-788.93', 94, 2, ''),
(1768, '2020-03-25', '-55.00', 98, 2, ''),
(1769, '2020-03-25', '-500.00', 97, 2, ''),
(1770, '2020-03-25', '-392.09', 110, 2, ''),
(1771, '2020-03-26', '590.73', 53, 2, ''),
(1772, '2020-03-27', '-387.44', 81, 2, ''),
(1773, '2020-03-29', '-200.00', 105, 2, ''),
(1774, '2020-03-30', '-200.00', 3, 4, 'примерно'),
(1775, '2020-04-06', '-30.00', 27, 2, ''),
(1776, '2020-04-07', '-402.08', 29, 2, ''),
(1777, '2020-04-09', '2782.67', 5, 2, ''),
(1778, '2020-04-09', '11072.90', 5, 2, ''),
(1779, '2020-04-11', '16926.23', 5, 4, ''),
(1780, '2020-04-11', '482.00', 5, 4, ''),
(1781, '2020-04-11', '1014.62', 5, 4, ''),
(1782, '2020-04-11', '-10000.00', 1, 4, 'Артур Милена'),
(1783, '2020-04-14', '-200.00', 28, 2, ''),
(1784, '2020-04-14', '-5000.00', 3, 4, 'примерно'),
(1785, '2020-04-20', '280.88', 34, 2, ''),
(1786, '2020-04-20', '-256.75', 47, 2, ''),
(1787, '2020-04-20', '-2064.76', 46, 2, ''),
(1788, '2020-04-21', '-536.89', 15, 2, ''),
(1789, '2020-04-23', '-600.00', 3, 4, 'примерно'),
(1790, '2020-04-25', '-55.00', 98, 2, ''),
(1791, '2020-04-25', '-500.00', 97, 2, ''),
(1792, '2020-04-25', '-788.93', 94, 2, ''),
(1793, '2020-04-25', '-392.09', 110, 2, ''),
(1794, '2020-04-25', '-40000.00', 43, 2, ''),
(1795, '2020-04-26', '-516.25', 62, 2, ''),
(1796, '2020-04-26', '-379.88', 90, 2, ''),
(1797, '2020-04-27', '596.39', 53, 2, ''),
(1798, '2020-04-30', '-717.55', 17, 2, ''),
(1799, '2020-05-01', '-1668.52', 104, 2, ''),
(1800, '2020-05-01', '-200.00', 105, 2, ''),
(1801, '2020-05-02', '-500.00', 3, 4, ''),
(1802, '2020-05-04', '-470.54', 23, 2, ''),
(1803, '2020-05-06', '-30.00', 27, 2, ''),
(1804, '2020-05-06', '-100.00', 111, 2, ''),
(1805, '2020-05-12', '-499.00', 51, 2, ''),
(1806, '2020-05-12', '-382.35', 22, 2, ''),
(1807, '2020-05-13', '-388.22', 23, 2, ''),
(1808, '2020-05-13', '-1461.00', 35, 2, ''),
(1809, '2020-05-11', '-600.00', 3, 4, 'примерно'),
(1810, '2020-05-18', '-675.97', 17, 2, ''),
(1811, '2020-05-19', '16926.23', 5, 4, ''),
(1812, '2020-05-19', '482.00', 5, 4, ''),
(1813, '2020-05-19', '985.45', 5, 4, ''),
(1814, '2020-05-19', '-5000.00', 1, 4, 'Артур'),
(1815, '2020-05-19', '-5000.00', 1, 4, 'Милена'),
(1816, '2020-05-20', '-218.81', 47, 2, ''),
(1817, '2020-05-22', '2782.67', 5, 2, ''),
(1818, '2020-05-22', '11072.90', 5, 2, ''),
(1819, '2020-05-23', '-15.00', 113, 2, ''),
(1820, '2020-05-23', '-2499.00', 51, 2, 'чайник'),
(1821, '2020-05-23', '-15.00', 113, 2, ''),
(1822, '2020-05-23', '-517.60', 17, 2, ''),
(1823, '2020-05-23', '-1985.76', 46, 2, ''),
(1824, '2020-05-25', '-788.93', 94, 2, ''),
(1825, '2020-05-25', '-500.00', 97, 2, ''),
(1826, '2020-05-25', '-55.00', 98, 2, ''),
(1827, '2020-05-25', '-374.17', 90, 2, ''),
(1828, '2020-05-25', '-380.86', 89, 2, ''),
(1829, '2020-05-19', '-1500.00', 3, 4, 'Примерно'),
(1830, '2020-05-24', '-1400.00', 3, 4, 'Примерно'),
(1831, '2020-05-25', '-139.04', 104, 2, ''),
(1832, '2020-05-25', '-200.00', 105, 2, ''),
(1833, '2020-05-26', '585.95', 53, 2, ''),
(1834, '2020-05-28', '-500.90', 62, 2, ''),
(1835, '2020-05-29', '-500.00', 3, 4, 'примерно');

-- --------------------------------------------------------

--
-- Структура таблицы `money_order`
--

CREATE TABLE `money_order` (
  `id` tinyint(4) NOT NULL AUTO_INCREMENT,
  `name` varchar(64) NOT NULL,
  `order_by` varchar(64) NOT NULL,
  `comment` tinyblob DEFAULT NULL,
  PRIMARY KEY (`id`)
) ENGINE=InnoDB AUTO_INCREMENT=18 DEFAULT CHARSET=utf8;

--
-- Дамп данных таблицы `money_order`
--

INSERT INTO `money_order` (`id`, `name`, `order_by`, `comment`) VALUES
(1, 'По дате', 'op_date, id', ''),
(2, 'По дате обратно', 'op_date DESC', ''),
(3, 'По сумме', 'op_summ', ''),
(4, 'По сумме обратно', 'op_summ DESC', ''),
(5, 'По конторам', 'servs_name', ''),
(6, 'По конторам обратно', 'servs_name DESC', ''),
(7, 'По подгруппам', 'grups.name', ''),
(8, 'По подгруппам обратно', 'grups.name DESC', ''),
(9, 'По комментариям', 'comms.comment', ''),
(10, 'По комментариям обратно', 'comms.comment DESC', ''),
(11, 'По кошелькам', 'walls.name', ''),
(12, 'По кошелькам обратно', 'walls.name DESC', ''),
(13, 'По пользователям', 'users.name', ''),
(14, 'По пользователям обратно', 'users.name DESC', ''),
(15, 'По подгруппам, конторам', 'grups.name, servs_name', ''),
(16, 'По кошелькам, дате', 'walls.name, op_date', ''),
(17, 'По группам', 'bgrup.name, grups.name', '');

-- --------------------------------------------------------

--
-- Структура таблицы `servs`
--

CREATE TABLE `servs` (
  `id` mediumint(9) NOT NULL AUTO_INCREMENT,
  `name` varchar(64) NOT NULL,
  `comment` tinyblob DEFAULT NULL,
  `grups_id` tinyint(4) NOT NULL,
  PRIMARY KEY (`id`),
  UNIQUE KEY `id` (`id`)
) ENGINE=InnoDB AUTO_INCREMENT=114 DEFAULT CHARSET=utf8;

--
-- Дамп данных таблицы `servs`
--

INSERT INTO `servs` (`id`, `name`, `comment`, `grups_id`) VALUES
(1, 'Дом', '', 3),
(2, 'Ширпотреб', '', 4),
(3, 'Еда', 'за наличные', 1),
(4, 'Потери', '', 2),
(5, '3', 'Пенсионный фонд', 2),
(6, 'Альтернатива - 106 058', 'домоуправление', 10),
(7, 'транспорт', '', 4),
(8, 'Банк Хоум Кредит', '', 4),
(9, 'Коммуналка', '', 17),
(10, 'ROSTELEKOM', 'телефон', 12),
(11, 'Technopoint', '', 7),
(12, 'внутри', '', 6),
(13, 'Всё для дома', '', 4),
(14, 'Лекарства', '', 5),
(15, 'LIBERTI', '', 1),
(16, 'BURYATKHLEBPROM', 'Бурятхлебпром', 1),
(17, 'NIKOLAEVSKIY', 'Николаевский, Пушкина 12', 1),
(18, 'ATM 090162', 'банкомат Добролюбова 37а', 6),
(19, 'SBERBANK ONL@IN PLATEZH', 'Сбербанк онлайн', 17),
(20, 'STRELATELECOM', '', 15),
(21, 'TELE2 T9503898538', '', 12),
(22, 'PRODUKTY OT TITANA', 'Титан, Пржевальского 3', 1),
(23, 'ABSOLYUT', 'Абсолют', 1),
(24, 'Yandex.Money', 'Перевод на карту', 6),
(25, 'BURYATKHLEBPROM MAG 5', 'Бурятхлебпром 5 Гагарина 30', 1),
(26, 'FRUKTY OVOSHCHI', '', 1),
(27, 'ПЛАТА ЗА УСЛУГУ МОБИЛЬ', 'Плата за мобильную', 4),
(28, 'OAO MTS', '', 12),
(29, 'BARIS', '', 1),
(30, 'VASH DOKTOR', '', 5),
(31, 'BURYATKHLEBPROM MAG 17', 'Бурятхлебпром 17 Гагарина 35', 1),
(32, 'ATM 926818', 'банкомат Пушкина 12', 6),
(33, 'ADIDAS', '', 8),
(34, 'ПРИЧИСЛЕНИЕ ПРОЦЕНТОВ', 'Причисление процентов', 2),
(35, 'OOO GRAS', 'Аптека Гагарина 32', 5),
(36, 'SUMKI', '', 4),
(37, 'EVROSET D79', '', 7),
(38, 'OSNOVA DVIZHENIYA 15', 'Основа движения', 4),
(39, 'AZHUR-TEKS', '', 8),
(40, 'EVERYDAY', '', 8),
(41, 'SAGAAN DALI', '', 4),
(42, 'ПОПОЛНЕНИЕ СЧЕТА', 'PayPal и тд', 2),
(43, 'SBERBANK ONL@IN VKLAD-', 'вклад->карта', 6),
(44, 'SBERBANK ONL@IN KARTA-', 'карта->вклад', 6),
(45, 'WWW.MEGAFON.RU', '', 12),
(46, 'WWW.TGK-14.COM', 'ТГК-14', 11),
(47, 'MUP VODOKANAL', 'Водоканал', 14),
(48, 'POPOLNENIE KARTY ZARPL', 'Пополнение карты', 2),
(49, 'WWW.BICNET.RU', '', 15),
(50, '7', 'компенсация коммуналки', 2),
(51, 'OOO DNS BAYKAL', '', 7),
(52, 'MEGAFON DV', '', 7),
(53, '25', 'зачисление компенсации', 2),
(54, 'REEBOK', '', 8),
(55, 'ODEZHDA', '', 8),
(56, 'GRADUSNIK', '', 5),
(57, 'APTEKA PLYUS', '', 5),
(58, 'TELE2 AVTO', '', 12),
(59, 'FRIKOM', 'Фриком', 7),
(60, 'YM*Electronic', 'Technopoint через YM', 7),
(61, 'ATM 10961593', 'банкомат Добролюбова 37а', 6),
(62, 'TITAN', 'Титан, Дзержинского 1', 1),
(63, 'Вещевой рынок', '', 8),
(64, 'MOLOKO BURYATII', 'Молоко Бурятии', 1),
(65, 'RADIODETALI', '', 7),
(66, 'SHAPKOFF', '', 8),
(67, '410014473212233', '', 2),
(68, 'Перевод на карту', 'Yandex.Money', 6),
(69, 'Donation Alerts', '', 4),
(70, '410012148716991', '', 4),
(71, '410012141177441', '', 4),
(72, 'Я.Толока', '', 2),
(73, 'Теплоэнергосбыт Бурятии', '', 11),
(74, 'LiteObmen', '', 4),
(75, '410013008179501', '', 4),
(76, '41001234241284', '', 2),
(77, '410011413294169', '', 2),
(78, '410011832641538', '', 2),
(79, 'PP*8378CODE', '', 4),
(80, 'ИЦ Евросеть', '', 4),
(81, 'CHITAENERGOSBYT', 'Читаэнергосбыт', 9),
(82, 'www.fondkr03.ru', 'КапРемонт', 13),
(83, 'APTEKA IP BATUEVA', 'Аптека Пушкина 12б', 5),
(84, 'SVYAZNOY 07040193', '', 7),
(85, 'NIKOLAEVSKIJ', 'Николаевский, Хоца Намсараева, 2в', 1),
(86, 'DNS 1985', '', 7),
(87, 'OBUV SITI', '', 8),
(88, 'SBERBANK ONL@IN PLATEZH', 'СБ - Жильё', 10),
(89, 'SBERBANK ONL@IN PLATEZH', 'СБ - Капремонт', 13),
(90, 'SBERBANK ONL@IN PLATEZH', 'СБ - Электроэнергия', 9),
(91, 'SBERBANK ONL@IN PLATEZH', 'СБ - Горячая вода', 11),
(92, 'SBERBANK ONL@IN PLATEZH', 'СБ - Телефон', 12),
(93, 'SBERBANK ONL@IN PLATEZH', 'СБ - Домофон', 16),
(94, 'AUTOPLATEZH', 'СБ - Жильё автоплатёж', 10),
(95, 'AUTOPLATEZH', 'СБ - Телефон автоплатёж', 12),
(96, 'AUTOPLATEZH', 'СБ - Капремонт автоплатёж', 13),
(97, 'AUTOPLATEZH', 'СБ - Интернет автоплатёж', 15),
(98, 'AUTOPLATEZH', 'СБ - Домофон автоплатёж', 16),
(99, 'APTEKA RIGLA', '', 5),
(100, 'ATM 096886', 'банкомат Сагаан Морин', 6),
(101, 'VDD', 'Всё для дома - Юбилейный', 4),
(102, 'Дантист на Гагарина', 'Дантист, Гагарина 32', 5),
(103, 'TITAN ELBRUS', 'Титан, Гагарина 64', 1),
(104, 'ЭкоАльянс', '', 17),
(105, 'T2 MOBILE', 'TELE2', 12),
(106, 'ATM 60007977', 'банкомат Пушкина 12', 6),
(107, 'BMPK', 'Универсам низких цен', 1),
(108, 'Центр Пакет', '', 4),
(109, 'IP SATOROV R. KH.', 'ИП Саторов Р. Х.', 8),
(110, 'FKR BURJATII', 'Капремонт', 13),
(111, 'STOLOTO', '', 4),
(112, 'UUEIRC', 'ЕИРЦ', 17),
(113, 'MUP UPRAVLENIE TRAMVAYA', 'Трамвай', 4);

-- --------------------------------------------------------

--
-- Структура для представления `servs_v`
--

CREATE ALGORITHM=UNDEFINED DEFINER=`root`@`localhost` SQL SECURITY DEFINER VIEW `servs_v` AS select `servs`.`id` AS `id`,`servs`.`name` AS `name`,`servs`.`comment` AS `comment`,`grups`.`name` AS `grups_name`,count(`money`.`id`) AS `cnt` from ((`servs` left join `grups` on(`servs`.`grups_id` = `grups`.`id`)) left join `money` on(`servs`.`id` = `money`.`servs_id`)) group by `servs`.`id` order by `grups`.`name`,`servs`.`name`;

-- --------------------------------------------------------

--
-- Структура таблицы `users`
--

CREATE TABLE `users` (
  `id` tinyint(4) NOT NULL AUTO_INCREMENT,
  `username` varchar(64) NOT NULL DEFAULT '',
  `password` varchar(64) NOT NULL DEFAULT '',
  `name` varchar(64) NOT NULL,
  `comment` tinyblob DEFAULT NULL,
  `walls_id` tinyint(4) NOT NULL,
  UNIQUE KEY `id` (`id`)
) ENGINE=InnoDB AUTO_INCREMENT=3 DEFAULT CHARSET=utf8;

--
-- Дамп данных таблицы `users`
--

INSERT INTO `users` (`id`, `username`, `password`, `name`, `comment`, `walls_id`) VALUES
(1, 'root', '1', 'Баяр', '', 2),
(2, 'ya', '1234', 'РДЖ', '', 0);

-- --------------------------------------------------------

--
-- Структура таблицы `walls`
--

CREATE TABLE `walls` (
  `id` tinyint(4) NOT NULL AUTO_INCREMENT,
  `name` varchar(64) NOT NULL,
  `comment` tinyblob DEFAULT NULL,
  `users_id` tinyint(4) NOT NULL,
  UNIQUE KEY `id` (`id`)
) ENGINE=InnoDB AUTO_INCREMENT=5 DEFAULT CHARSET=utf8;

--
-- Дамп данных таблицы `walls`
--

INSERT INTO `walls` (`id`, `name`, `comment`, `users_id`) VALUES
(1, 'нал Баяр', 'в кошельке', 1),
(2, 'карта СБ', 'карта сбербанка', 1),
(3, 'яндекс', 'Yandex деньги', 1),
(4, 'нал РДЖ', '', 2);
